"p","U:0","U:1","U:2","CD","W:0","W:1","W:2","Wi:0","Wi:1","Wi:2","Wsd:0","Wsd:1","Wsd:2","Wtd:0","Wtd:1","Wtd:2","alpha.air","alpha.sand","alpha.water","alphaSolInd","alphas","gamma","gradAlphad:0","gradAlphad:1","gradAlphad:2","gradPsf:0","gradPsf:1","gradPsf:2","mum","mup","p_rgh","psf","psk","rho","vtkValidPointMask","arc_length","Points:0","Points:1","Points:2"
0.31368,0,0,0,2.7144e+05,0,0,0,0,0,0,0,0,0,0,0,0,0,0.59943,0.40057,1,1.1,1,0,0,0,0,-711.87,0,0.67372,1000,0.31368,22.382,0,1141.9,1,0,-0.000325,0,-0.000325
-6.4024,3.1178e-06,-9.0038e-19,0,2.7125e+05,0,0,0,0,0,0,0,0,0,0,0,0,0,0.59932,0.40068,1,1.1,1,-4.8193e-14,0,0,0,-915.92,0,0.67364,1000,0.87903,21.81,0,1141.9,1,0.00065007,-0.0003185,0.00065,-0.0003185
-13.176,6.1934e-06,-1.564e-18,0,2.7108e+05,0,0,0,0,0,0,0,0,0,0,0,0,0,0.59923,0.40077,1,1.1,1,-4.8193e-14,0,0,0,-725.72,0,0.67358,1000,1.3868,21.302,0,1141.9,1,0.0013001,-0.000312,0.0013,-0.000312
-19.996,9.2267e-06,-2.1198e-18,0,2.7092e+05,0,0,0,0,0,0,0,0,0,0,0,0,0,0.59914,0.40086,1,1.1,1,0,0,0,0,-760.97,0,0.67352,1000,1.8475,20.841,0,1141.9,1,0.0019502,-0.0003055,0.00195,-0.0003055
-26.792,1.2218e-05,-2.775e-18,0,2.7074e+05,0,0,0,0,0,0,0,0,0,0,0,0,0,0.59904,0.40096,1,1.1,1,-4.8193e-14,0,0,0,-725.26,0,0.67345,1000,2.3328,20.355,0,1141.9,1,0.0026003,-0.000299,0.0026,-0.000299
-33.605,1.5167e-05,-3.5713e-18,0,2.7057e+05,0,0,0,0,0,0,0,0,0,0,0,0,0,0.59894,0.40106,1,1.1,1,-3.4525e-20,0,0,0,-696.01,0,0.67339,1000,2.8005,19.887,0,1141.9,1,0.0032503,-0.0002925,0.00325,-0.0002925
-40.43,1.8073e-05,-4.0262e-18,0,2.704e+05,0,0,0,0,0,0,0,0,0,0,0,0,0,0.59885,0.40115,1,1.1,1,-4.8193e-14,0,0,0,-719.73,0,0.67332,1000,3.2567,19.431,0,1141.9,1,0.0039004,-0.000286,0.0039,-0.000286
-47.236,2.0938e-05,-4.028e-18,0,2.7022e+05,0,0,0,0,0,0,0,0,0,0,0,0,0,0.59874,0.40126,1,1.1,1,-6.905e-20,0,0,0,-734.52,0,0.67325,1000,3.7312,18.956,0,1141.8,1,0.0045505,-0.0002795,0.00455,-0.0002795
-54.039,2.376e-05,-3.739e-18,0,2.7003e+05,0,0,0,0,0,0,0,0,0,0,0,0,0,0.59864,0.40136,1,1.1,1,-4.8193e-14,0,0,0,-753.89,0,0.67318,1000,4.208,18.478,0,1141.8,1,0.0052005,-0.000273,0.0052,-0.000273
-60.852,2.654e-05,-3.8902e-18,0,2.6984e+05,0,0,0,0,0,0,0,0,0,0,0,0,0,0.59853,0.40147,1,1.1,1,-4.8193e-14,0,0,0,-707.02,0,0.67311,1000,4.6757,18.01,0,1141.8,1,0.0058506,-0.0002665,0.00585,-0.0002665
-67.648,2.9278e-05,-4.3074e-18,0,2.6964e+05,0,0,0,0,0,0,0,0,0,0,0,0,0,0.59842,0.40158,1,1.1,1,-6.9051e-20,0,0,0,-724.92,0,0.67304,1000,5.1595,17.525,0,1141.8,1,0.0065006,-0.00026,0.0065,-0.00026
-74.458,3.1973e-05,-4.26e-18,0,2.6944e+05,0,0,0,0,0,0,0,0,0,0,0,0,0,0.59831,0.40169,1,1.1,1,-4.8193e-14,0,0,0,-756.04,0,0.67296,1000,5.6291,17.055,0,1141.8,1,0.0071507,-0.0002535,0.00715,-0.0002535
-81.258,3.4627e-05,-3.1805e-18,0,2.6923e+05,0,0,0,0,0,0,0,0,0,0,0,0,0,0.59819,0.40181,1,1.1,1,0,0,0,0,-736.27,0,0.67288,1000,6.1085,16.574,0,1141.8,1,0.0078008,-0.000247,0.0078,-0.000247
-88.05,3.7238e-05,-2.084e-18,0,2.6901e+05,0,0,0,0,0,0,0,0,0,0,0,0,0,0.59807,0.40193,1,1.1,1,-4.8193e-14,0,0,0,-719.06,0,0.6728,1000,6.5959,16.086,0,1141.8,1,0.0084508,-0.0002405,0.00845,-0.0002405
-94.872,3.9807e-05,-2.2564e-18,0,2.688e+05,0,0,0,0,0,0,0,0,0,0,0,0,0,0.59795,0.40205,1,1.1,1,-1.381e-19,0,0,0,-696.93,0,0.67272,1000,7.0536,15.627,0,1141.8,1,0.0091009,-0.000234,0.0091,-0.000234
-101.7,4.2333e-05,-3.5678e-18,0,2.6858e+05,0,0,0,0,0,0,0,0,0,0,0,0,0,0.59782,0.40218,1,1.1,1,0,0,0,0,-702.78,0,0.67263,1000,7.5082,15.171,0,1141.7,1,0.009751,-0.0002275,0.00975,-0.0002275
-108.54,4.4818e-05,-3.8714e-18,0,2.6837e+05,0,0,0,0,0,0,0,0,0,0,0,0,0,0.5977,0.4023,1,1.1,1,-4.8193e-14,0,0,0,-690.39,0,0.67255,1000,7.9444,14.733,0,1141.7,1,0.010401,-0.000221,0.0104,-0.000221
-115.35,4.726e-05,-1.6523e-18,0,2.6813e+05,0,0,0,0,0,0,0,0,0,0,0,0,0,0.59757,0.40243,1,1.1,1,0,0,0,0,-708.8,0,0.67246,1000,8.4116,14.264,0,1141.7,1,0.011051,-0.0002145,0.01105,-0.0002145
-122.19,4.966e-05,9.8494e-19,0,2.679e+05,0,0,0,0,0,0,0,0,0,0,0,0,0,0.59744,0.40256,1,1.1,1,0,0,0,0,-683.77,0,0.67237,1000,8.8528,13.821,0,1141.7,1,0.011701,-0.000208,0.0117,-0.000208
-129.01,5.2018e-05,1.3286e-19,0,2.6766e+05,0,0,0,0,0,0,0,0,0,0,0,0,0,0.5973,0.4027,1,1.1,1,-4.8192e-14,0,0,0,-696.82,0,0.67228,1000,9.3045,13.368,0,1141.7,1,0.012351,-0.0002015,0.01235,-0.0002015
-135.84,5.4333e-05,-3.7725e-18,0,2.6741e+05,0,0,0,0,0,0,0,0,0,0,0,0,0,0.59716,0.40284,1,1.1,1,-1.381e-19,0,0,0,-715.85,0,0.67219,1000,9.7582,12.912,0,1141.7,1,0.013001,-0.000195,0.013,-0.000195
-142.66,5.6606e-05,-4.6468e-18,0,2.6715e+05,0,0,0,0,0,0,0,0,0,0,0,0,0,0.59701,0.40299,1,1.1,1,0,0,0,0,-705.25,0,0.67209,1000,10.213,12.455,0,1141.6,1,0.013651,-0.0001885,0.01365,-0.0001885
-149.48,5.8838e-05,2.0567e-18,0,2.6688e+05,0,0,0,0,0,0,0,0,0,0,0,0,0,0.59686,0.40314,1,1.1,1,-9.6385e-14,0,0,0,-685.27,0,0.67198,1000,10.67,11.996,0,1141.6,1,0.014301,-0.000182,0.0143,-0.000182
-156.32,6.1026e-05,1.0449e-17,0,2.6661e+05,0,0,0,0,0,0,0,0,0,0,0,0,0,0.5967,0.4033,1,1.1,1,-2.5682e-28,0,0,0,-684.54,0,0.67188,1000,11.103,11.56,0,1141.6,1,0.014951,-0.0001755,0.01495,-0.0001755
-163.15,6.3173e-05,9.1416e-18,0,2.6632e+05,0,0,0,0,0,0,0,0,0,0,0,0,0,0.59654,0.40346,1,1.1,1,0,0,0,0,-681.62,0,0.67177,1000,11.549,11.111,0,1141.6,1,0.015602,-0.000169,0.0156,-0.000169
-169.98,6.5277e-05,-1.6607e-18,0,2.6602e+05,0,0,0,0,0,0,0,0,0,0,0,0,0,0.59637,0.40363,1,1.1,1,0,0,0,0,-690.29,0,0.67165,1000,11.996,10.66,0,1141.6,1,0.016252,-0.0001625,0.01625,-0.0001625
-176.82,6.7339e-05,-4.3158e-18,0,2.6572e+05,0,0,0,0,0,0,0,0,0,0,0,0,0,0.59619,0.40381,1,1.1,1,-4.8193e-14,0,0,0,-684.22,0,0.67154,1000,12.438,10.215,0,1141.5,1,0.016902,-0.000156,0.0169,-0.000156
-183.66,6.9359e-05,1.3815e-17,0,2.654e+05,0,0,0,0,0,0,0,0,0,0,0,0,0,0.59601,0.40398,1,1.1,1,-2.762e-19,0,0,0,-673.25,0,0.67141,1000,12.873,9.7761,0,1141.5,1,0.017552,-0.0001495,0.01755,-0.0001495
-190.49,7.144e-05,3.738e-17,0,2.6507e+05,0,0,0,0,0,0,0,0,0,0,0,0,0,0.59582,0.40418,1,1.1,1,0,0,0,0,-687.63,0,0.67129,870.94,13.313,9.3323,0,1141.5,1,0.018202,-0.000143,0.0182,-0.000143
-197.32,7.4143e-05,3.2191e-17,0,2.6472e+05,0,0,0,0,0,0,0,0,0,0,0,0,0,0.59562,0.40438,1,1.1,1,-4.8192e-14,0,0,0,-678.86,0,0.67115,587.36,13.759,8.8824,0,1141.5,1,0.018852,-0.0001365,0.01885,-0.0001365
-204.16,7.8238e-05,-2.3935e-17,0,2.6436e+05,0,0,0,0,0,0,0,0,0,0,0,0,0,0.59541,0.40459,1,1.1,1,-2.762e-19,0,0,0,-696.36,0,0.67101,372.51,14.194,8.4422,0,1141.4,1,0.019502,-0.00013,0.0195,-0.00013
-211,8.4402e-05,-6.1502e-17,0,2.6398e+05,0,0,0,0,0,0,0,0,0,0,0,0,0,0.59519,0.40481,1,1.1,1,0,0,0,0,-667.87,0,0.67086,248.51,14.63,8.0011,0,1141.4,1,0.020152,-0.0001235,0.02015,-0.0001235
-217.84,9.3038e-05,3.4331e-17,0,2.6358e+05,0,0,0,0,0,0,0,0,0,0,0,0,0,0.59496,0.40504,1,1.1,1,-4.8193e-14,0,0,0,-669.49,0,0.67071,179.31,15.064,7.562,0,1141.4,1,0.020802,-0.000117,0.0208,-0.000117
-224.68,0.00010431,1.9572e-16,0,2.6317e+05,0,0,0,0,0,0,0,0,0,0,0,0,0,0.59472,0.40528,1,1.1,1,0,0,0,0,-658.98,0,0.67054,137.76,15.488,7.1321,0,1141.4,1,0.021452,-0.0001105,0.02145,-0.0001105
-231.53,0.00011832,1.4111e-16,0,2.6273e+05,0,0,0,0,0,0,0,0,0,0,0,0,0,0.59447,0.40553,1,1.1,1,-4.8193e-14,0,0,0,-678.85,0,0.67037,109.85,15.913,6.7,0,1141.3,1,0.022102,-0.000104,0.0221,-0.000104
-238.37,0.00013525,-2.2435e-16,0,2.6226e+05,0,0,0,0,0,0,0,0,0,0,0,0,0,0.59419,0.40581,1,1.1,1,0,0,0,0,-669.61,0,0.67019,89.368,16.348,6.258,0,1141.3,1,0.022752,-9.75e-05,0.02275,-9.75e-05
-245.21,0.00015533,-4.564e-16,0,2.6176e+05,0,0,0,0,0,0,0,0,0,0,0,0,0,0.5939,0.4061,1,1.1,1,-4.8193e-14,0,0,0,-672.19,0,0.66999,73.918,16.772,5.8258,0,1141.3,1,0.023402,-9.1e-05,0.0234,-9.1e-05
-252.05,0.00017886,-2.1925e-17,0,2.6122e+05,0,0,0,0,0,0,0,0,0,0,0,0,0,0.59359,0.40641,1,1.1,1,-4.8193e-14,0,0,0,-677.96,0,0.66978,61.446,17.204,5.3855,0,1141.2,1,0.024052,-8.45e-05,0.02405,-8.45e-05
-258.89,0.00020632,7.313e-16,0,2.6064e+05,0,0,0,0,0,0,0,0,0,0,0,0,0,0.59325,0.40675,1,1.1,1,-2.762e-19,0,0,0,-661.96,0,0.66955,51.248,17.629,4.9501,0,1141.2,1,0.024702,-7.8e-05,0.0247,-7.8e-05
-265.73,0.00023828,5.5626e-16,0,2.6002e+05,0,0,0,0,0,0,0,0,0,0,0,0,0,0.59288,0.40712,1,1.1,1,-4.8193e-14,0,0,0,-656.7,0,0.6693,42.668,18.049,4.5195,0,1141.1,1,0.025353,-7.15e-05,0.02535,-7.15e-05
-272.58,0.00027567,-9.8938e-16,0,2.5935e+05,0,0,0,0,0,0,0,0,0,0,0,0,0,0.59248,0.40752,1,1.1,1,0,0,0,0,-659.39,0,0.66903,35.134,18.465,4.0912,0,1141.1,1,0.026003,-6.5e-05,0.026,-6.5e-05
-279.43,0.00032008,-2.0423e-15,0,2.5862e+05,0,0,0,0,0,0,0,0,0,0,0,0,0,0.59205,0.40795,1,1.1,1,0,0,0,0,-652.27,0,0.66874,28.297,18.877,3.6657,0,1141,1,0.026653,-5.85e-05,0.02665,-5.85e-05
-286.28,0.00037439,-4.7182e-17,0,2.578e+05,0,0,0,0,0,0,0,0,0,0,0,0,0,0.59156,0.40844,1,1.1,1,-4.8193e-14,0,0,0,-653.21,0,0.66841,21.851,19.286,3.2412,0,1141,1,0.027303,-5.2e-05,0.0273,-5.2e-05
-293.13,0.00044472,4.0156e-15,0,2.5688e+05,0,0,0,0,0,0,0,0,0,0,0,0,0,0.59101,0.40899,1,1.1,1,0,0,0,0,-662.74,0,0.66804,15.548,19.694,2.8153,0,1140.9,1,0.027953,-4.55e-05,0.02795,-4.55e-05
-299.98,0.00054608,3.9514e-15,0,2.5582e+05,0,0,0,0,0,0,0,0,0,0,0,0,0,0.59037,0.40963,1,1.1,1,0,0,0,0,-654.41,0,0.66761,9.5707,20.1,2.3879,0,1140.8,1,0.028603,-3.9e-05,0.0286,-3.9e-05
-306.83,0.00071598,-6.4193e-15,0,2.5458e+05,0,0,0,0,0,0,0,0,0,0,0,0,0,0.58961,0.41039,1,1.1,1,-4.8193e-14,0,0,0,-649.92,0,0.6671,4.8604,20.5,1.9631,0,1140.8,1,0.029253,-3.25e-05,0.02925,-3.25e-05
-313.68,0.0010329,-1.8768e-14,0,2.5307e+05,0,0,0,0,0,0,0,0,0,0,0,0,0,0.5887,0.4113,1,1.1,1,0,0,0,0,-649.08,0,0.66648,2.1652,20.891,1.5391,0,1140.6,1,0.029903,-2.6e-05,0.0299,-2.6e-05
-320.53,0.0015952,-2.7278e-15,0,2.5116e+05,0,0,0,0,0,0,0,0,0,0,0,0,0,0.58752,0.41248,1,1.1,1,0,0,0,0,-643.72,0,0.66569,0.9661,21.269,1.1195,0,1140.5,1,0.030553,-1.95e-05,0.03055,-1.95e-05
-327.39,0.0024603,4.1446e-14,0,2.4849e+05,0,0,0,0,0,0,0,0,0,0,0,0,0,0.58585,0.41415,1,1.1,1,0,0,0,0,-638.34,0,0.66456,0.42375,21.625,0.70263,0,1140.3,1,0.031203,-1.3e-05,0.0312,-1.3e-05
-334.24,0.0036451,4.3014e-14,0,2.4358e+05,0,0,0,0,0,0,0,0,0,0,0,0,0,0.58271,0.41729,1,1.1,1,0,0,0,0,-636.96,0,0.66244,0.13093,21.925,0.28583,0,1139.9,1,0.031853,-6.5e-06,0.03185,-6.5e-06
-341.11,0.0054787,-6.1978e-14,0,40091,0,0,0,0,0,0,0,0,0,0,0,0,0,0.18385,0.81615,1,1.1,1,0,-0.00076923,0,0,-125.81,0,0.39357,0,7.0339,0,0,1092.1,1,0.032503,0,0.0325,0
-347.97,0.0089139,-1.6223e-13,0,24031,0,0,0,0,0,0,0,0,0,0,0,0,0,2.0473e-14,1,1,1.1,1,0,-0.25154,0,0,0,0,0.26964,0,5.4442e-06,0,0,1070,1,0.033153,6.5e-06,0.03315,6.5e-06
-354.79,0.012493,-2.7932e-14,0,24031,0,0,0,0,0,0,0,0,0,0,0,0,0,3.8435e-14,1,1,1.0968,1,0,-16.696,0,0,0,0,0.26964,0,5.445e-06,0,0,1070,1,0.033803,1.3e-05,0.0338,1.3e-05
-361.61,0.015914,1.4647e-13,0,24031,0,0,0,0,0,0,0,0,0,0,0,0,0,4.683e-14,1,1,0.99449,1,0,-234.41,0,0,0,0,0.26964,0,5.4444e-06,0,0,1070,1,0.034453,1.95e-05,0.03445,1.95e-05
-368.43,0.01918,9.2375e-14,0,24031,0,0,0,0,0,0,0,0,0,0,0,0,0,3.161e-11,1,1,0.4578,1,0,-434.78,0,0,0,0,0.26964,0,5.4422e-06,0,0,1070,1,0.035104,2.6e-05,0.0351,2.6e-05
-375.26,0.022288,-1.2526e-13,0,24031,0,0,0,0,0,0,0,0,0,0,0,0,0,4.8487e-07,1,1,0.083862,1,0,-133.69,0,0,0,0,0.26964,0,2.554e-05,0,0,1070,1,0.035754,3.25e-05,0.03575,3.25e-05
-382.08,0.02524,-1.8237e-13,0,24031,0,0,0,0,0,0,0,0,0,0,0,0,0,5.9251e-07,1,1,0.014871,1,0,-20.984,0,0,0,0,0.26964,0,2.698e-05,0,0,1070,1,0.036404,3.9e-05,0.0364,3.9e-05
-388.9,0.028035,1.4804e-14,0,24031,0,0,0,0,0,0,0,0,0,0,0,0,0,5.7942e-07,1,1,0.0034695,1,0,-3.924,0,0,0,0,0.26964,0,2.8369e-05,0,0,1070,1,0.037054,4.55e-05,0.03705,4.55e-05
-395.73,0.030674,1.7103e-13,0,24031,0,0,0,0,0,0,0,0,0,0,0,0,0,5.6791e-07,1,1,0.0010323,1,0,-0.95075,0,0,0,0,0.26964,0,2.9427e-05,0,0,1070,1,0.037704,5.2e-05,0.0377,5.2e-05
-402.55,0.033156,4.4354e-14,0,24031,0,0,0,0,0,0,0,0,0,0,0,0,0,6.0419e-07,1,1,0.00037133,1,0,-0.28487,0,0,0,0,0.26964,0,2.9948e-05,0,0,1070,1,0.038354,5.85e-05,0.03835,5.85e-05
-409.37,0.035481,-1.7723e-13,0,24031,0,0,0,0,0,0,0,0,0,0,0,0,0,6.2249e-07,1,1,0.00015515,1,0,-0.10091,0,0,0,0,0.26964,0,3.1732e-05,0,0,1070,1,0.039004,6.5e-05,0.039,6.5e-05
-416.19,0.037649,-1.5607e-13,0,24031,0,0,0,0,0,0,0,0,0,0,0,0,0,5.9935e-07,1,1,7.304e-05,1,0,-0.040849,0,0,0,0,0.26964,0,3.1133e-05,0,0,1070,1,0.039654,7.15e-05,0.03965,7.15e-05
-423.02,0.039661,8.2409e-14,0,24031,0,0,0,0,0,0,0,0,0,0,0,0,0,6.2236e-07,1,1,3.7925e-05,1,0,-0.018421,0,0,0,0,0.26964,0,3.2955e-05,0,0,1070,1,0.040304,7.8e-05,0.0403,7.8e-05
-429.84,0.041516,1.8611e-13,0,24031,0,0,0,0,0,0,0,0,0,0,0,0,0,6.3418e-07,1,1,2.1104e-05,1,0,-0.0090771,0,0,0,0,0.26964,0,3.1304e-05,0,0,1070,1,0.040954,8.45e-05,0.04095,8.45e-05
-436.66,0.043214,4.7755e-15,0,24031,0,0,0,0,0,0,0,0,0,0,0,0,0,6.4258e-07,1,1,1.2843e-05,1,0,-0.0048155,0,0,0,0,0.26964,0,3.1655e-05,0,0,1070,1,0.041604,9.1e-05,0.0416,9.1e-05
-443.49,0.044756,-1.8526e-13,0,24031,0,0,0,0,0,0,0,0,0,0,0,0,0,6.6302e-07,1,1,8.0077e-06,1,0,-0.0027185,0,0,0,0,0.26964,0,3.2508e-05,0,0,1070,1,0.042254,9.75e-05,0.04225,9.75e-05
-450.31,0.046141,-9.2991e-14,0,24031,0,0,0,0,0,0,0,0,0,0,0,0,0,6.8752e-07,1,1,5.1528e-06,1,0,-0.0016181,0,0,0,0,0.26964,0,3.3599e-05,0,0,1070,1,0.042904,0.000104,0.0429,0.000104
-457.13,0.04737,1.5078e-13,0,24031,0,0,0,0,0,0,0,0,0,0,0,0,0,7.2948e-07,1,1,3.8271e-06,1,0,-0.0010078,0,0,0,0,0.26964,0,3.5465e-05,0,0,1070,1,0.043554,0.0001105,0.04355,0.0001105
-463.95,0.048441,1.8543e-13,0,24031,0,0,0,0,0,0,0,0,0,0,0,0,0,7.9271e-07,1,1,2.3022e-06,1,0,-0.00065285,0,0,0,0,0.26964,0,3.8481e-05,0,0,1070,1,0.044204,0.000117,0.0442,0.000117
-470.78,0.049356,-3.7054e-14,0,24031,0,0,0,0,0,0,0,0,0,0,0,0,0,8.6587e-07,1,1,1.9562e-06,1,0,-0.00043766,0,0,0,0,0.26964,0,4.8308e-05,0,0,1070,1,0.044854,0.0001235,0.04485,0.0001235
-477.6,0.050114,-1.7806e-13,0,24031,0,0,0,0,0,0,0,0,0,0,0,0,0,7.2057e-07,1,1,1.7206e-06,1,0,-0.00030236,0,0,0,0,0.26964,0,3.8291e-05,0,0,1070,1,0.045505,0.00013,0.0455,0.00013
-484.42,0.050716,-2.6052e-14,0,24031,0,0,0,0,0,0,0,0,0,0,0,0,0,5.5554e-07,1,1,1.5555e-06,1,0,-0.00021451,0,0,0,0,0.26964,0,2.9551e-05,0,0,1070,1,0.046155,0.0001365,0.04615,0.0001365
-491.25,0.051161,1.8476e-13,0,24031,0,0,0,0,0,0,0,0,0,0,0,0,0,4.3704e-07,1,1,4.3704e-07,1,0,-0.00015581,0,0,0,0,0.26964,0,2.3322e-05,0,0,1070,1,0.046805,0.000143,0.0468,0.000143
-498.07,0.051449,1.3749e-13,0,24031,0,0,0,0,0,0,0,0,0,0,0,0,0,3.5003e-07,1,1,3.5003e-07,1,0,-0.00011558,0,0,0,0,0.26964,0,1.8715e-05,0,0,1070,1,0.047455,0.0001495,0.04745,0.0001495
-504.89,0.05158,-9.0955e-14,0,24031,0,0,0,0,0,0,0,0,0,0,0,0,0,2.8485e-07,1,1,2.8485e-07,1,0,-8.7374e-05,0,0,0,0,0.26964,0,1.524e-05,0,0,1070,1,0.048105,0.000156,0.0481,0.000156
-511.71,0.051555,-1.6031e-13,0,24031,0,0,0,0,0,0,0,0,0,0,0,0,0,2.3515e-07,1,1,2.3515e-07,1,0,-6.718e-05,0,0,0,0,0.26964,0,1.2571e-05,0,0,1070,1,0.048755,0.0001625,0.04875,0.0001625
-518.54,0.051373,1.9155e-14,0,24031,0,0,0,0,0,0,0,0,0,0,0,0,0,1.9664e-07,1,1,1.9664e-07,1,0,-5.2452e-05,0,0,0,0,0.26964,0,1.0483e-05,0,0,1070,1,0.049405,0.000169,0.0494,0.000169
-525.36,0.051035,1.6863e-13,0,24031,0,0,0,0,0,0,0,0,0,0,0,0,0,1.6635e-07,1,1,1.6635e-07,1,-2.298e-20,-4.1526e-05,0,0,0,0,0.26964,0,8.8225e-06,0,0,1070,1,0.050055,0.0001755,0.05005,0.0001755
-532.18,0.050539,6.7051e-14,0,24031,0,0,0,0,0,0,0,0,0,0,0,0,0,1.4222e-07,1,1,1.4222e-07,1,-2.6341e-25,-3.3297e-05,0,0,0,0,0.26964,0,7.4829e-06,0,0,1070,1,0.050705,0.000182,0.0507,0.000182
-539.01,0.049887,-1.2913e-13,0,24031,0,0,0,0,0,0,0,0,0,0,0,0,0,1.2275e-07,1,1,1.2275e-07,1,0,-2.7008e-05,0,0,0,0,0.26964,0,6.389e-06,0,0,1070,1,0.051355,0.0001885,0.05135,0.0001885
-545.83,0.049079,-1.3256e-13,0,24031,0,0,0,0,0,0,0,0,0,0,0,0,0,1.0688e-07,1,1,1.0688e-07,1,0,-2.2141e-05,0,0,0,0,0.26964,0,5.4846e-06,0,0,1070,1,0.052005,0.000195,0.052,0.000195
-552.65,0.048113,4.7341e-14,0,24031,0,0,0,0,0,0,0,0,0,0,0,0,0,9.38e-08,1,1,9.38e-08,1,0,-1.8327e-05,0,0,0,0,0.26964,0,4.7272e-06,0,0,1070,1,0.052655,0.0002015,0.05265,0.0002015
-559.47,0.046991,1.3352e-13,0,24031,0,0,0,0,0,0,0,0,0,0,0,0,0,8.2925e-08,1,1,8.2925e-08,1,0,-1.5308e-05,0,0,0,0,0.26964,0,4.0858e-06,0,0,1070,1,0.053305,0.000208,0.0533,0.000208
-566.3,0.045712,5.0476e-15,0,24031,0,0,0,0,0,0,0,0,0,0,0,0,0,7.3802e-08,1,1,7.3802e-08,1,0,-1.2892e-05,0,0,0,0,0.26964,0,3.5388e-06,0,0,1070,1,0.053955,0.0002145,0.05395,0.0002145
-573.12,0.044277,-1.3431e-13,0,24031,0,0,0,0,0,0,0,0,0,0,0,0,0,6.6089e-08,1,1,6.6089e-08,1,0,-1.0941e-05,0,0,0,0,0.26964,0,3.0697e-06,0,0,1070,1,0.054605,0.000221,0.0546,0.000221
-579.94,0.042685,-8.1552e-14,0,24031,0,0,0,0,0,0,0,0,0,0,0,0,0,5.952e-08,1,1,5.952e-08,1,0,-9.3515e-06,0,0,0,0,0.26964,0,2.6639e-06,0,0,1070,1,0.055256,0.0002275,0.05525,0.0002275
-586.77,0.040936,6.8141e-14,0,24031,0,0,0,0,0,0,0,0,0,0,0,0,0,5.3886e-08,1,1,5.3886e-08,1,0,-8.0458e-06,0,0,0,0,0.26964,0,2.3095e-06,0,0,1070,1,0.055906,0.000234,0.0559,0.000234
-593.59,0.03903,9.0891e-14,0,24031,0,0,0,0,0,0,0,0,0,0,0,0,0,4.9024e-08,1,1,4.9024e-08,1,0,-6.9649e-06,0,0,0,0,0.26964,0,1.9978e-06,0,0,1070,1,0.056556,0.0002405,0.05655,0.0002405
-600.41,0.036968,-2.7147e-14,0,24031,0,0,0,0,0,0,0,0,0,0,0,0,0,4.4803e-08,1,1,4.4803e-08,1,0,-6.064e-06,0,0,0,0,0.26964,0,1.7234e-06,0,0,1070,1,0.057206,0.000247,0.0572,0.000247
-607.23,0.034749,-9.743e-14,0,24031,0,0,0,0,0,0,0,0,0,0,0,0,0,4.1118e-08,1,1,4.1118e-08,1,0,-5.3079e-06,0,0,0,0,0.26964,0,1.481e-06,0,0,1070,1,0.057856,0.0002535,0.05785,0.0002535
-614.06,0.032374,-2.6217e-14,0,24031,0,0,0,0,0,0,0,0,0,0,0,0,0,3.7883e-08,1,1,3.7883e-08,1,0,-4.6695e-06,0,0,0,0,0.26964,0,1.2653e-06,0,0,1070,1,0.058506,0.00026,0.0585,0.00026
-620.88,0.029842,6.6389e-14,0,24031,0,0,0,0,0,0,0,0,0,0,0,0,0,3.5032e-08,1,1,3.5032e-08,1,0,-4.1272e-06,0,0,0,0,0.26964,0,1.0717e-06,0,0,1070,1,0.059156,0.0002665,0.05915,0.0002665
-627.7,0.027153,4.9857e-14,0,24031,0,0,0,0,0,0,0,0,0,0,0,0,0,3.2505e-08,1,1,3.2505e-08,1,0,-3.6641e-06,0,0,0,0,0.26964,0,8.9754e-07,0,0,1070,1,0.059806,0.000273,0.0598,0.000273
-634.53,0.024307,-3.0204e-14,0,24031,0,0,0,0,0,0,0,0,0,0,0,0,0,3.0258e-08,1,1,3.0258e-08,1,0,-3.2665e-06,0,0,0,0,0.26964,0,7.4089e-07,0,0,1070,1,0.060456,0.0002795,0.06045,0.0002795
-641.35,0.021305,-4.82e-14,0,24031,0,0,0,0,0,0,0,0,0,0,0,0,0,2.825e-08,1,1,2.825e-08,1,0,-2.9234e-06,0,0,0,0,0.26964,0,5.9964e-07,0,0,1070,1,0.061106,0.000286,0.0611,0.000286
-648.17,0.018146,6.7743e-15,0,24031,0,0,0,0,0,0,0,0,0,0,0,0,0,2.645e-08,1,1,2.645e-08,1,0,-2.6261e-06,0,0,0,0,0.26964,0,4.7132e-07,0,0,1070,1,0.061756,0.0002925,0.06175,0.0002925
-654.99,0.01483,3.924e-14,0,24031,0,0,0,0,0,0,0,0,0,0,0,0,0,2.483e-08,1,1,2.483e-08,1,-2.8725e-21,-2.3672e-06,0,0,0,0,0.26964,0,3.5408e-07,0,0,1070,1,0.062406,0.000299,0.0624,0.000299
-661.82,0.011357,1.1424e-14,0,24031,0,0,0,0,0,0,0,0,0,0,0,0,0,2.3367e-08,1,1,2.3367e-08,1,2.8724e-21,-2.1409e-06,0,0,0,0,0.26964,0,2.4691e-07,0,0,1070,1,0.063056,0.0003055,0.06305,0.0003055
-668.64,0.0077283,-1.4978e-14,0,24031,0,0,0,0,0,0,0,0,0,0,0,0,0,2.2042e-08,1,1,2.2042e-08,1,-2.8725e-21,-1.9422e-06,0,0,0,0,0.26964,0,1.4894e-07,0,0,1070,1,0.063706,0.000312,0.0637,0.000312
-675.46,0.0039425,-3.334e-16,0,24031,0,0,0,0,0,0,0,0,0,0,0,0,0,2.0838e-08,1,1,2.0838e-08,1,2.8725e-21,-1.7673e-06,0,0,0,0,0.26964,0,5.9407e-08,0,0,1070,1,0.064356,0.0003185,0.06435,0.0003185
-682.29,0,0,0,24031,0,0,0,0,0,0,0,0,0,0,0,0,0,2.0003e-08,1,1,2.0003e-08,1,-5.745e-21,0,0,0,0,0,0.26964,0,0,0,0,1070,1,0.065006,0.000325,0.065,0.000325
