"p","U:0","U:1","U:2","CD","W:0","W:1","W:2","Wi:0","Wi:1","Wi:2","Wsd:0","Wsd:1","Wsd:2","Wtd:0","Wtd:1","Wtd:2","alpha.air","alpha.sand","alpha.water","alphaSolInd","alphas","epsilon","gamma","gradAlphad:0","gradAlphad:1","gradAlphad:2","gradPsf:0","gradPsf:1","gradPsf:2","k","mum","mup","nut","p_rgh","psf","psk","rho","vtkValidPointMask","arc_length","Points:0","Points:1","Points:2"
3.0519,0,0,0,67.939,0,0,0,0,0,0,0,2.8822e-08,0,0,0,0,0,0.55026,0.44974,1,1.0597,1.9156e-05,1,0,0,0,0,-1255.1,0,1e-06,0.027831,100,0,3.0519,17.888,0.00037576,1104.6,1,0,0,0,0
-6.1636,3.0005e-05,9.2236e-08,0,67.699,8.54e-21,2.0887e-06,0,0,0,0,8.1008e-23,4.2737e-08,0,8.459e-21,2.0459e-06,0,0,0.54996,0.45004,1,1.0597,2.2599e-05,1,-1.2677e-14,-0.069066,0,-2.2525e-15,-1803.2,0,1.1811e-05,0.027547,100,5.7798e-07,4.6715,16.264,0.00038305,1104.5,1,0.001,0,0.001,0
-15.24,5.9604e-05,2.2173e-07,0,67.412,-5.22e-20,5.0626e-06,0,0,0,0,1.9382e-22,3.3375e-08,0,-5.2393e-20,5.0292e-06,0,0,0.5496,0.4504,1,1.0595,2.9363e-05,1,-7.3526e-14,-0.1028,0,9.8221e-13,-1485.1,0,2.2986e-05,0.027214,100,1.6265e-06,6.4287,14.503,0.00038319,1104.4,1,0.002,0,0.002,0
-24.671,8.8881e-05,4.2547e-07,0,67.163,0,1.0178e-05,0,0,0,0,0,1.1474e-09,0,0,1.0177e-05,0,0,0.54928,0.45072,1,1.0592,3.8409e-05,1,0,-0.15287,0,-4.7549e-14,-1515.6,0,3.4568e-05,0.02693,100,2.8009e-06,7.8306,13.123,0.00040588,1104.4,1,0.003,0,0.003,0
-33.921,0.00011824,7.9908e-07,0,66.846,0,1.9395e-05,0,0,0,0,0,0,0,0,1.9395e-05,0,0,0.54888,0.45112,1,1.0589,5.0113e-05,1,0,-0.22976,0,-7.9513e-13,-1786.7,0,4.6878e-05,0.026574,100,3.9467e-06,9.4111,11.54,0.00044426,1104.3,1,0.004,0,0.004,0
-43.153,0.00014799,9.8575e-07,0,66.483,0,2.2988e-05,0,0,0,0,0,0,0,0,2.2988e-05,0,0,0.54841,0.45159,1,1.0583,6.5086e-05,1,0,-0.34066,0,-8.9973e-13,-1433.7,0,6.0354e-05,0.026175,100,5.0372e-06,11.007,9.9331,0.00046248,1104.2,1,0.005,0,0.005,0
-52.572,0.00017826,1.285e-06,0,66.118,0,2.998e-05,0,0,0,0,0,0,0,0,2.998e-05,0,0,0.54794,0.45206,1,1.0575,8.4679e-05,1,0,-0.50779,0,-1.2347e-12,-1342.8,0,7.5599e-05,0.025783,100,6.0753e-06,12.415,8.5303,0.00046414,1104.1,1,0.006,0,0.006,0
-62.098,0.00020914,1.6142e-06,0,65.726,0,3.7428e-05,0,0,0,0,0,0,0,0,3.7428e-05,0,0,0.54743,0.45257,1,1.0562,0.00011102,1,0,-0.75682,0,0,-1230.5,0,9.3491e-05,0.025372,98.604,7.0883e-06,13.715,7.2339,0.00047251,1104,1,0.007,0,0.007,0
-71.727,0.00025195,2.1172e-06,0,65.293,-2.8026e-19,4.9659e-05,0,0,0,0,0,0,0,-2.8026e-19,4.9659e-05,0,0,0.54686,0.45314,1,1.0544,0.00014663,1,-3.5495e-14,-1.1227,0,0,-1199.6,0,0.00011487,0.02493,44.904,8.103e-06,14.907,6.012,0.0025667,1103.9,1,0.008,0,0.008,0
-81.566,0.00052417,2.9093e-06,0,64.791,-3.7093e-19,6.8279e-05,0,0,0,0,0,0,0,-3.7093e-19,6.8279e-05,0,0,0.5462,0.4538,1,1.0516,0.00019666,1,-4.3102e-14,-1.6672,0,2.0792e-13,-1185.3,0,0.00014124,0.02443,5.0329,9.1352e-06,15.886,4.8289,0.16939,1103.8,1,0.009,0,0.009,0
-92.227,0.0018561,3.9662e-06,0,64.18,1.6061e-18,9.2685e-05,0,0,0,0,0,0,0,1.6061e-18,9.2685e-05,0,0,0.54538,0.45462,1,1.0476,0.00026903,1,-1.2931e-13,-2.4699,0,1.7183e-12,-1117.2,0,0.00017421,0.023842,1.4054,1.0164e-05,16.039,3.6712,1.1556,1103.6,1,0.01,0,0.01,0
-103.02,0.0042975,5.5735e-06,0,63.444,0,0.00013146,0,0,0,0,0,0,0,0,0.00013146,0,0,0.54438,0.45562,1,1.0416,0.0003724,1,0,-3.6352,0,0,-1037.2,0,0.00021498,0.023163,0.95533,1.118e-05,16.051,2.6026,2.1925,1103.4,1,0.011,0,0.011,0
-113.81,0.0074715,1.3906e-05,0,62.094,3.2438e-18,0.00021868,0,0,0,0,0,0,0,3.2438e-18,0.00021868,0,0,0.543,0.457,1,1.0327,0.00052758,1,-6.592e-14,-5.3338,0,1.7745e-12,-985.63,0,0.00026601,0.022284,0.77353,1.2092e-05,16.05,1.6074,3.0942,1103.2,1,0.012,0,0.012,0
-125.39,0.011329,-1.2416e-05,0,57.863,4.6699e-18,0.0014632,0,0,0,0,0,0,0,4.6699e-18,0.0014632,0,0,0.53992,0.46008,1,1.0198,0.0007785,1,-8.6203e-14,-7.7606,0,1.0176e-12,-974.95,0,0.00033424,0.020589,0.62894,1.295e-05,15.226,0.61581,4.0651,1102.6,1,0.013,0,0.013,0
-134.83,0.017003,-1.2455e-05,0,39.442,8.5465e-07,0.00033085,0,8.5465e-07,-0.0065766,0,0,0,0,2.6916e-18,0.0069074,0,0,0.50938,0.49062,1,1.0013,0.001334,1,-8.6203e-14,-11.126,0,1.1192e-13,-82.155,0,0.00046437,0.011816,0.32108,1.4601e-05,15.793,0.002742,3.965,1096.8,1,0.014,0,0.014,0
-144.86,0.028188,1.0234e-06,0,22.938,1.0552e-06,3.9442e-05,0,1.0552e-06,-0.0094558,0,0,0,0,-2.1977e-18,0.0094953,0,0,0.45907,0.54093,1,0.97458,0.0029488,1,-3.0425e-14,-15.733,0,0,0,0,0.00076891,0.0066144,0.16951,1.8165e-05,15.115,0,3.4094,1087.2,1,0.015,0,0.015,0
-154.9,0.045804,1.4448e-06,0,14.177,-1.3542e-06,3.4152e-05,0,-1.3542e-06,-0.012587,0,0,0,0,0,0.012621,0,0,0.40651,0.59349,1,0.93746,0.0062864,1,0,-21.685,0,0,0,0,0.0012656,0.0044379,0.1019,2.3042e-05,14.178,0,2.8303,1077.2,1,0.016,0,0.016,0
-164.82,0.070186,1.5484e-06,0,9.195,-2.4215e-06,3.7755e-05,0,-2.4215e-06,-0.016231,0,0,0,0,0,0.016269,0,0,0.35394,0.64606,1,0.88744,0.011878,1,0,-28.891,0,0,0,0,0.0019411,0.0032788,0.063582,2.8593e-05,13.156,0,2.2378,1067.2,1,0.017,0,0.017,0
-174.65,0.10156,1.6132e-06,0,6.354,-3.7768e-06,4.2494e-05,0,-3.7768e-06,-0.020308,0,0,0,0,0,0.02035,0,0,0.30304,0.69696,1,0.8214,0.019813,1,0,-36.88,0,0,0,0,0.0027599,0.0025948,0.039883,3.465e-05,12.09,0,1.6418,1057.6,1,0.018,0,0.018,0
-184.42,0.13827,1.642e-06,0,4.6158,-4.7836e-06,4.7779e-05,0,-4.7836e-06,-0.024597,0,0,0,0,0,0.024644,0,0,0.25538,0.74462,1,0.73979,0.028696,1,0,-44.516,0,0,0,0,0.0036261,0.0021451,0.024121,4.1254e-05,11.003,0,1.0871,1048.5,1,0.019,0,0.019,0
-194.22,0.17805,1.6353e-06,0,3.5346,-4.1289e-06,5.3644e-05,0,-4.1289e-06,-0.028856,0,0,3.7313e-06,0,0,0.028906,0,0,0.21257,0.78743,1,0.64452,0.036478,1,0,-50.316,0,0,0,0,0.0044363,0.0018403,0.013915,4.8556e-05,9.8973,0,0.63901,1040.4,1,0.02,0,0.02,0
-204.1,0.21796,1.5846e-06,0,2.8584,-2.8601e-06,5.9574e-05,0,-2.8601e-06,-0.032827,0,0,2.276e-05,0,0,0.032864,0,0,0.17591,0.82409,1,0.54057,0.041411,1,0,-52.666,0,0,0,0,0.0051064,0.0016325,0.007825,5.6676e-05,8.7935,0,0.34268,1033.4,1,0.021,0,0.021,0
-214.04,0.2557,1.4976e-06,0,2.4129,-2.0363e-06,6.528e-05,0,-2.0363e-06,-0.036365,0,0,2.3688e-05,0,0,0.036407,0,0,0.14531,0.85469,1,0.43589,0.04345,1,0,-51.064,0,0,0,0,0.0056231,0.0014853,0.004324,6.5513e-05,7.7389,0,0.17283,1027.6,1,0.022,0,0.022,0
-224.01,0.29013,1.3898e-06,0,2.1136,-1.7554e-06,7.069e-05,0,-1.7554e-06,-0.039402,0,0,1.7039e-05,0,0,0.039455,0,0,0.12039,0.87961,1,0.3382,0.043315,1,0,-45.891,0,0,0,0,0.0060036,0.0013801,0.0024181,7.4918e-05,6.7823,0,0.086309,1022.9,1,0.023,0,0.023,0
-233.98,0.32103,1.2771e-06,0,1.9077,-1.7566e-06,7.5929e-05,0,-1.7566e-06,-0.04194,0,0,1.0568e-05,0,0,0.042005,0,0,0.10042,0.89958,1,0.25371,0.041913,1,0,-38.479,0,0,0,0,0.0062788,0.0013038,0.0014021,8.4703e-05,5.9499,0,0.044638,1019.1,1,0.024,0,0.024,0
-243.92,0.34893,1.169e-06,0,1.7595,-1.8333e-06,8.109e-05,0,-1.8333e-06,-0.044053,0,0,6.4217e-06,0,0,0.044128,0,0,0.084308,0.91569,1,0.18463,0.039928,1,0,-30.463,0,0,0,0,0.0064804,0.0012467,0.00010785,9.4704e-05,5.2568,0,0.0032248,1016,1,0.025,0,0.025,0
-253.87,0.37414,1.0698e-06,0,1.6511,-1.9039e-06,8.622e-05,0,-1.9039e-06,-0.045793,0,0,4.1916e-06,0,0,0.045875,0,0,0.071376,0.92862,1,0.13137,0.037673,1,0,-23.027,0,0,0,0,0.0066242,0.0012035,8.2379e-06,0.00010487,4.6459,0,0.00020642,1013.6,1,0.026,0,0.026,0
-263.8,0.3969,9.8049e-07,0,1.5698,-1.9453e-06,9.1342e-05,0,-1.9453e-06,-0.047226,0,0,2.5686e-06,0,0,0.047315,0,0,0.060944,0.93906,1,0.09195,0.035382,1,0,-16.818,0,0,0,0,0.006726,0.0011703,5.7724e-06,0.00011513,4.1311,0,0.0001312,1011.6,1,0.027,0,0.027,0
-273.72,0.41767,9.0047e-07,0,1.507,-1.9659e-06,9.6468e-05,0,-1.9659e-06,-0.048416,0,3.1316e-21,1.6033e-06,0,9.0928e-18,0.048511,0,0,0.052414,0.94759,1,0.063366,0.033182,1,0,-11.946,0,0,0,0,0.0067983,0.0011441,4.1294e-06,0.0001254,3.6946,0,8.5623e-05,1010,1,0.028,0,0.028,0
-283.62,0.43668,8.2919e-07,0,1.4581,-1.9745e-06,0.0001016,0,-1.9745e-06,-0.049401,0,0,1.0298e-06,0,0,0.049502,0,0,0.045443,0.95456,1,0.043375,0.03113,1,0,-8.3466,0,0,0,0,0.0068476,0.0011233,3.0247e-06,0.00013561,3.3246,0,5.768e-05,1008.6,1,0.029,0,0.029,0
-293.51,0.45423,7.6545e-07,0,1.4192,-1.9774e-06,0.00010671,0,-1.9774e-06,-0.050225,0,0,6.7673e-07,0,0,0.050332,0,0,0.039675,0.96033,1,0.029504,0.029238,1,0,-5.7574,0,0,0,0,0.0068797,0.0011065,2.2572e-06,0.00014575,3.0077,0,3.9824e-05,1007.5,1,0.03,0,0.03,0
-303.39,0.47053,7.0817e-07,0,1.3876,-1.9775e-06,0.00011175,0,-1.9775e-06,-0.050922,0,0,4.5241e-07,0,0,0.051033,0,0,0.034844,0.96516,1,0.019912,0.027501,1,0,-3.9238,0,0,0,0,0.0068985,0.0010927,1.7089e-06,0.00015578,2.7334,0,2.8011e-05,1006.6,1,0.031,0,0.031,0
-313.26,0.4857,6.5679e-07,0,1.3618,-1.9754e-06,0.00011668,0,-1.9754e-06,-0.051508,0,6.7603e-22,3.1006e-07,0,-1.4524e-18,0.051625,0,0,0.030803,0.9692,1,0.013459,0.025918,1,-9.5076e-16,-2.669,0,0,0,0,0.0069062,0.0010813,1.3166e-06,0.00016567,2.4963,0,2.0171e-05,1005.9,1,0.032,0,0.032,0
-323.12,0.49992,6.1034e-07,0,1.3404,-1.9713e-06,0.0001215,0,-1.9713e-06,-0.052009,0,3.5316e-22,2.1599e-07,0,8.0046e-18,0.052131,0,0,0.027372,0.97263,1,0.0090635,0.024469,1,-1.0102e-15,-1.8052,0,0,0,0,0.0069053,0.0010718,1.0267e-06,0.00017543,2.2886,0,1.4759e-05,1005.2,1,0.033,0,0.033,0
-332.98,0.5133,5.6813e-07,0,1.3224,-1.9646e-06,0.00012622,0,-1.9646e-06,-0.052441,0,2.9107e-22,1.525e-07,0,1.7676e-17,0.052567,0,0,0.024435,0.97557,1,0.0060725,0.023141,1,-3.3673e-16,-1.2132,0,0,0,0,0.0068973,0.0010638,8.0902e-07,0.00018504,2.1054,0,1.0943e-05,1004.6,1,0.034,0,0.034,0
-342.84,0.52589,5.2988e-07,0,1.3073,-1.956e-06,0.00013084,0,-1.956e-06,-0.05281,0,0,1.0991e-07,0,-2.5611e-17,0.052941,0,0,0.021928,0.97807,1,0.0040917,0.021929,1,-1.6837e-16,-0.81897,0,0,0,0,0.0068831,0.001057,6.4601e-07,0.00019449,1.9442,0,8.2616e-06,1004.2,1,0.035,0,0.035,0
-352.68,0.53783,4.9487e-07,0,1.2944,-1.9454e-06,0.00013532,0,-1.9454e-06,-0.053132,0,2.3902e-22,8.0117e-08,0,-3.8382e-17,0.053268,0,0,0.019753,0.98025,1,0.0027456,0.020813,1,-1.1885e-16,-0.55032,0,0,0,0,0.0068641,0.0010511,5.2011e-07,0.00020378,1.8004,0,6.3035e-06,1003.8,1,0.036,0,0.036,0
-362.53,0.54916,4.6276e-07,0,1.2833,-1.9331e-06,0.00013965,0,-1.9331e-06,-0.053414,0,1.4293e-22,5.9073e-08,0,-5.8343e-18,0.053553,0,0,0.017859,0.98214,1,0.0018379,0.019786,1,-1.6837e-16,-0.36869,0,0,0,0,0.0068409,0.0010461,4.2214e-07,0.0002129,1.6717,0,4.8601e-06,1003.4,1,0.037,0,0.037,0
-372.37,0.55993,4.3332e-07,0,1.2737,-1.9199e-06,0.00014379,0,-1.9199e-06,-0.053659,0,6.9166e-23,4.4209e-08,0,2.003e-17,0.053803,0,0,0.01621,0.98379,1,0.0012361,0.01884,1,-1.7332e-17,-0.2481,0,0,0,0,0.0068141,0.0010417,3.4588e-07,0.00022185,1.5565,0,3.7952e-06,1003.1,1,0.038,0,0.038,0
-382.21,0.57022,4.0612e-07,0,1.2653,-1.9064e-06,0.00014777,0,-1.9064e-06,-0.053876,0,3.9523e-23,3.3377e-08,0,1.1446e-17,0.054024,0,0,0.014758,0.98524,1,0.0008279,0.017964,1,-9.9037e-18,-0.16631,0,0,0,0,0.0067843,0.0010379,2.8514e-07,0.00023063,1.4523,0,2.9871e-06,1002.8,1,0.039,0,0.039,0
-392.05,0.58005,3.8096e-07,0,1.258,-1.8932e-06,0.00015158,0,-1.8932e-06,-0.054068,0,8.2577e-23,2.545e-08,0,6.6637e-18,0.05422,0,0,0.013475,0.98653,1,0.00055464,0.017152,1,-2.3522e-17,-0.1114,0,0,0,0,0.0067519,0.0010345,2.3662e-07,0.00023924,1.3579,0,2.3714e-06,1002.6,1,0.04,0,0.04,0
-401.88,0.58946,3.5768e-07,0,1.2516,-1.8809e-06,0.00015522,0,-1.8809e-06,-0.054238,0,2.0143e-23,1.9619e-08,0,5.8274e-18,0.054393,0,0,0.012341,0.98766,1,0.0003725,0.016399,1,-2.2284e-17,-0.07486,0,0,0,0,0.0067172,0.0010315,1.9771e-07,0.00024767,1.2723,0,1.9e-06,1002.3,1,0.041,0,0.041,0
-411.71,0.59849,3.3602e-07,0,1.2458,-1.8701e-06,0.00015867,0,-1.8701e-06,-0.05439,0,9.1682e-23,1.523e-08,0,1.933e-17,0.054549,0,0,0.011329,0.98867,1,0.00024962,0.015696,1,-1.0523e-17,-0.050122,0,0,0,0,0.0066807,0.0010289,1.6599e-07,0.00025594,1.1941,0,1.5315e-06,1002.2,1,0.042,0,0.042,0
-421.54,0.60717,3.1586e-07,0,1.2408,-1.8614e-06,0.00016192,0,-1.8614e-06,-0.054526,0,4.9424e-23,1.1925e-08,0,7.2234e-17,0.054688,0,0,0.010425,0.98957,1,0.00016722,0.015041,1,-1.5784e-17,-0.033598,0,0,0,0,0.0066424,0.0010265,1.4012e-07,0.00026404,1.1225,0,1.2435e-06,1002,1,0.043,0,0.043,0
-431.37,0.61553,2.9706e-07,0,1.2363,-1.855e-06,0.00016495,0,-1.855e-06,-0.054648,0,6.463e-23,9.4133e-09,0,2.4414e-17,0.054813,0,0,0.0096161,0.99038,1,0.0001121,0.014429,1,-5.2615e-18,-0.022559,0,0,0,0,0.0066026,0.0010244,1.1888e-07,0.00027196,1.0569,0,1.0164e-06,1001.8,1,0.044,0,0.044,0
-441.2,0.62359,2.7948e-07,0,1.2322,-1.851e-06,0.00016779,0,-1.851e-06,-0.054758,0,0,7.4724e-09,0,0,0.054926,0,0,0.0088863,0.99111,1,7.5317e-05,0.013854,1,0,-0.015092,0,0,0,0,0.0065616,0.0010226,1.0124e-07,0.00027972,0.99644,0,8.3479e-07,1001.7,1,0.045,0,0.045,0
-451.02,0.63136,2.6306e-07,0,1.2286,-1.8498e-06,0.00017043,0,-1.8498e-06,-0.054857,0,0,5.9772e-09,0,1.4332e-17,0.055028,0,0,0.0082291,0.99177,1,5.0256e-05,0.013315,1,-6.19e-19,-0.010127,0,0,0,0,0.0065195,0.0010209,8.6628e-08,0.00028731,0.94072,0,6.899e-07,1001.6,1,0.046,0,0.046,0
-460.85,0.63887,2.4767e-07,0,1.2253,-1.8515e-06,0.00017287,0,-1.8515e-06,-0.054947,0,7.5291e-24,4.8101e-09,0,-1.1187e-17,0.05512,0,0,0.0076342,0.99237,1,3.3643e-05,0.012809,1,-1.857e-18,-0.0067953,0,0,0,0,0.0064763,0.0010193,7.4404e-08,0.00029473,0.88917,0,5.73e-07,1001.4,1,0.047,0,0.047,0
-470.67,0.64615,2.3322e-07,0,1.2223,-1.8559e-06,0.00017511,0,-1.8559e-06,-0.055029,0,7.5293e-25,3.8887e-09,0,-3.6269e-18,0.055204,0,0,0.0070931,0.99291,1,2.2421e-05,0.012331,1,-7.7375e-20,-0.0045428,0,0,0,0,0.0064323,0.001018,6.4096e-08,0.000302,0.8413,0,4.7773e-07,1001.3,1,0.048,0,0.048,0
-480.5,0.65318,2.1969e-07,0,1.2196,-1.8633e-06,0.00017712,0,-1.8633e-06,-0.055103,0,1.5023e-23,3.1655e-09,0,6.9344e-18,0.05528,0,0,0.0066022,0.9934,1,1.5151e-05,0.011881,1,-1.3927e-18,-0.0030516,0,0,0,0,0.0063875,0.0010167,5.5443e-08,0.00030909,0.79692,0,4.0047e-07,1001.3,1,0.049,0,0.049,0
-490.32,0.66001,2.0697e-07,0,1.2172,-1.8735e-06,0.00017893,0,-1.8735e-06,-0.055171,0,8.886e-24,2.5883e-09,0,1.0356e-16,0.05535,0,0,0.0061539,0.99385,1,9.9445e-06,0.011455,1,-6.5768e-19,-0.0020464,0,0,0,0,0.0063421,0.0010155,4.8094e-08,0.00031603,0.75557,0,3.3694e-07,1001.2,1,0.05,0,0.05,0
-500.14,0.66664,1.9499e-07,0,1.2149,-1.8863e-06,0.00018054,0,-1.8863e-06,-0.055234,0,7.4564e-24,2.1244e-09,0,2.6175e-17,0.055414,0,0,0.0057433,0.99426,1,6.9016e-06,0.011052,1,-3.2884e-19,-0.0013672,0,0,0,0,0.006296,0.0010145,4.1821e-08,0.00032282,0.71695,0,2.8437e-07,1001.1,1,0.051,0,0.051,0
-509.96,0.67307,1.8376e-07,0,1.2129,-1.9019e-06,0.00018196,0,-1.9019e-06,-0.05529,0,1.3297e-23,1.7546e-09,0,3.2441e-17,0.055472,0,0,0.0053685,0.99463,1,4.6111e-06,0.01067,1,-3.2884e-19,-0.00091942,0,0,0,0,0.0062494,0.0010135,3.6499e-08,0.00032944,0.68097,0,2.4118e-07,1001,1,0.052,0,0.052,0
-519.78,0.67932,1.7318e-07,0,1.211,-1.9198e-06,0.00018318,0,-1.9198e-06,-0.055343,0,0,1.454e-09,0,0,0.055526,0,0,0.0050237,0.99498,1,3.1802e-06,0.010308,1,0,-0.00061621,0,0,0,0,0.0062024,0.0010127,3.1922e-08,0.00033591,0.64724,0,2.051e-07,1001,1,0.053,0,0.053,0
-529.6,0.6854,1.632e-07,0,1.2093,-1.9401e-06,0.00018422,0,-1.9401e-06,-0.055391,0,2.8014e-25,1.2092e-09,0,2.5514e-18,0.055575,0,0,0.0047062,0.99529,1,2.0253e-06,0.009963,1,0,-0.0004121,0,0,0,0,0.006155,0.0010119,2.798e-08,0.00034223,0.6156,0,1.7491e-07,1000.9,1,0.054,0,0.054,0
-539.42,0.69132,1.5383e-07,0,1.2077,-1.9626e-06,0.00018505,0,-1.9626e-06,-0.055435,0,4.5614e-24,1.0106e-09,0,-8.678e-18,0.05562,0,0,0.0044144,0.99559,1,1.6891e-06,0.0096353,1,-3.3851e-20,-0.00027699,0,0,0,0,0.0061071,0.0010111,2.4596e-08,0.0003484,0.58596,0,1.4974e-07,1000.8,1,0.055,0,0.055,0
-549.23,0.69709,1.4498e-07,0,1.2062,-1.987e-06,0.00018571,0,-1.987e-06,-0.055476,0,1.0057e-24,8.4703e-10,0,-1.9538e-17,0.055662,0,0,0.0041445,0.99586,1,5.7923e-07,0.0093228,1,-1.9343e-20,-0.00018553,0,0,0,0,0.006059,0.0010104,2.1659e-08,0.00035442,0.55805,0,1.2847e-07,1000.8,1,0.056,0,0.056,0
-559.05,0.70271,1.3664e-07,0,1.2049,-2.0133e-06,0.00018619,0,-2.0133e-06,-0.055514,0,3.2184e-24,7.1232e-10,0,-1.1751e-18,0.0557,0,0,0.003895,0.9961,1,3.0903e-07,0.0090247,1,-7.2538e-20,-0.00012421,0,0,0,0,0.0060106,0.0010098,1.9111e-08,0.00036029,0.53178,0,1.1052e-07,1000.7,1,0.057,0,0.057,0
-568.87,0.70819,1.288e-07,0,1.2037,-2.0413e-06,0.00018651,0,-2.0413e-06,-0.055549,0,0,6.014e-10,0,8.9232e-17,0.055736,0,0,0.0036642,0.99634,1,2.0759e-07,0.0087403,1,-2.0552e-20,-8.3437e-05,0,0,0,0,0.0059619,0.0010092,1.6902e-08,0.00036602,0.50705,0,9.5359e-08,1000.7,1,0.058,0,0.058,0
-578.69,0.71354,1.2139e-07,0,1.2025,-2.0708e-06,0.00018667,0,-2.0708e-06,-0.055582,0,2.205e-24,5.0896e-10,0,8.6104e-17,0.055769,0,0,0.0034499,0.99655,1,1.3896e-07,0.0084681,1,-2.5388e-20,-5.5852e-05,0,0,0,0,0.005913,0.0010087,1.497e-08,0.00037161,0.48369,0,8.2432e-08,1000.7,1,0.059,0,0.059,0
-588.5,0.71876,1.1441e-07,0,1.2014,-2.1017e-06,0.00018667,0,-2.1017e-06,-0.055612,0,1.2106e-24,4.3212e-10,0,1.1553e-16,0.055799,0,0,0.0032509,0.99675,1,9.3132e-08,0.0082078,1,-2.0552e-20,-3.7433e-05,0,0,0,0,0.0058639,0.0010082,1.3284e-08,0.00037705,0.46163,0,7.1432e-08,1000.6,1,0.06,0,0.06,0
-598.32,0.72386,1.0784e-07,0,1.2004,-2.1338e-06,0.00018652,0,-2.1338e-06,-0.05564,0,0,3.6803e-10,0,0,0.055827,0,0,0.003066,0.99693,1,6.2527e-08,0.0079586,1,0,-2.5132e-05,0,0,0,0,0.0058147,0.0010077,1.1809e-08,0.00038236,0.44078,0,6.2046e-08,1000.6,1,0.061,0,0.061,0
-608.13,0.72885,1.0164e-07,0,1.1995,-2.1669e-06,0.00018624,0,-2.1669e-06,-0.055667,0,2.4993e-24,3.141e-10,0,-1.4831e-16,0.055853,0,0,0.0028935,0.99711,1,4.1828e-08,0.0077195,1,-2.2668e-21,-1.6812e-05,0,0,0,0,0.0057653,0.0010073,1.051e-08,0.00038753,0.42102,0,5.3976e-08,1000.6,1,0.062,0,0.062,0
-617.95,0.73372,9.5802e-08,0,1.1987,-2.2009e-06,0.00018581,0,-2.2009e-06,-0.055691,0,1.9263e-25,2.689e-10,0,-1.0673e-17,0.055877,0,0,0.0027329,0.99727,1,2.8065e-08,0.0074901,1,-1.209e-21,-1.128e-05,0,0,0,0,0.0057158,0.0010069,9.3712e-09,0.00039257,0.40231,0,4.7065e-08,1000.5,1,0.063,0,0.063,0
-627.76,0.73849,9.0299e-08,0,1.1979,-2.2358e-06,0.00018527,0,-2.2358e-06,-0.055714,0,3.371e-25,2.3077e-10,0,-1.8678e-17,0.055899,0,0,0.002583,0.99742,1,1.8831e-08,0.0072699,1,-2.1157e-21,-7.5689e-06,0,0,0,0,0.0056661,0.0010065,8.3673e-09,0.00039747,0.38458,0,4.1114e-08,1000.5,1,0.064,0,0.064,0
-637.58,0.74316,8.5107e-08,0,1.1971,-2.2712e-06,0.0001846,0,-2.2712e-06,-0.055735,0,7.0779e-25,1.984e-10,0,1.188e-16,0.05592,0,0,0.0024428,0.99756,1,1.2589e-08,0.007058,1,-1.2845e-21,-5.06e-06,0,0,0,0,0.0056164,0.0010061,7.4787e-09,0.00040224,0.36772,0,3.5961e-08,1000.5,1,0.065,0,0.065,0
-647.39,0.74772,8.0223e-08,0,1.1964,-2.3072e-06,0.00018384,0,-2.3072e-06,-0.055755,0,6.1692e-25,1.7108e-10,0,1.354e-16,0.055939,0,0,0.0023118,0.99769,1,8.4564e-09,0.0068545,1,-1.2845e-21,-3.3989e-06,0,0,0,0,0.0055666,0.0010058,6.6956e-09,0.00040688,0.35173,0,3.1524e-08,1000.4,1,0.066,0,0.066,0
-657.21,0.75219,7.5619e-08,0,1.1957,-2.3436e-06,0.00018297,0,-2.3436e-06,-0.055774,0,3.4609e-25,1.4781e-10,0,-6.2963e-17,0.055957,0,0,0.002189,0.99781,1,5.6709e-09,0.0066584,1,-4.1559e-22,-2.2793e-06,0,0,0,0,0.0055168,0.0010055,6.0009e-09,0.00041139,0.33651,0,2.7672e-08,1000.4,1,0.067,0,0.067,0
-667.02,0.75658,7.1274e-08,0,1.1951,-2.38e-06,0.00018202,0,-2.38e-06,-0.055792,0,0,1.279e-10,0,0,0.055974,0,0,0.0020737,0.99793,1,3.7886e-09,0.0064694,1,0,-1.5227e-06,0,0,0,0,0.0054669,0.0010052,5.3829e-09,0.00041578,0.32202,0,2.4316e-08,1000.4,1,0.068,0,0.068,0
-676.83,0.76087,6.7192e-08,0,1.1946,-2.4169e-06,0.00018096,0,-2.4169e-06,-0.055808,0,3.0317e-25,1.1099e-10,0,5.3469e-17,0.055989,0,0,0.0019659,0.99803,1,2.5478e-09,0.0062875,1,-4.1559e-22,-1.024e-06,0,0,0,0,0.0054169,0.0010049,4.8365e-09,0.00042004,0.30826,0,2.1414e-08,1000.4,1,0.069,0,0.069,0
-686.65,0.76508,6.3341e-08,0,1.194,-2.4539e-06,0.00017983,0,-2.4539e-06,-0.055824,0,8.2915e-25,9.6454e-11,0,-6.0779e-17,0.056003,0,0,0.0018645,0.99814,1,1.7076e-09,0.0061118,1,-2.2668e-22,-6.8631e-07,0,0,0,0,0.005367,0.0010047,4.3488e-09,0.00042418,0.29513,0,1.8876e-08,1000.4,1,0.07,0,0.07,0
-696.46,0.7692,5.9712e-08,0,1.1935,-2.4909e-06,0.00017864,0,-2.4909e-06,-0.055838,0,2.003e-26,8.3955e-11,0,-1.0938e-17,0.056017,0,0,0.0017692,0.99823,1,1.142e-09,0.0059422,1,-4.7233e-24,-4.5899e-07,0,0,0,0,0.005317,0.0010044,3.9137e-09,0.0004282,0.2826,0,1.6656e-08,1000.3,1,0.071,0,0.071,0
-706.27,0.77325,5.6302e-08,0,1.193,-2.5278e-06,0.0001774,0,-2.5278e-06,-0.055852,0,2.0027e-25,7.3253e-11,0,-1.0936e-16,0.056029,0,0,0.0016796,0.99832,1,7.6756e-10,0.0057785,1,-4.7226e-23,-3.085e-07,0,0,0,0,0.005267,0.0010042,3.5267e-09,0.00043209,0.27066,0,1.4723e-08,1000.3,1,0.072,0,0.072,0
-716.09,0.77722,5.3087e-08,0,1.1926,-2.5644e-06,0.00017611,0,-2.5644e-06,-0.055865,0,3.0072e-25,6.3995e-11,0,2.0026e-17,0.056041,0,0,0.0015951,0.99841,1,5.1411e-10,0.0056202,1,-4.0141e-23,-2.0663e-07,0,0,0,0,0.0052171,0.001004,3.18e-09,0.00043587,0.25925,0,1.3025e-08,1000.3,1,0.073,0,0.073,0
-725.9,0.78111,5.0061e-08,0,1.1922,-2.6008e-06,0.00017476,0,-2.6008e-06,-0.055877,0,5.233e-25,5.5995e-11,0,2.8555e-17,0.056052,0,0,0.0015156,0.99848,1,3.4419e-10,0.0054671,1,-4.0141e-23,-1.3834e-07,0,0,0,0,0.0051671,0.0010038,2.8698e-09,0.00043953,0.24835,0,1.1535e-08,1000.3,1,0.074,0,0.074,0
-735.71,0.78493,4.7217e-08,0,1.1918,-2.637e-06,0.00017337,0,-2.637e-06,-0.055888,0,1.0932e-25,4.9092e-11,0,7.9507e-17,0.056062,0,0,0.0014407,0.99856,1,2.3121e-10,0.0053191,1,-1.889e-23,-9.293e-08,0,0,0,0,0.0051171,0.0010036,2.5927e-09,0.00044307,0.23796,0,1.0229e-08,1000.3,1,0.075,0,0.075,0
-745.53,0.78869,4.4539e-08,0,1.1914,-2.6728e-06,0.00017195,0,-2.6728e-06,-0.055899,0,4.0998e-26,4.3087e-11,0,2.9817e-17,0.056071,0,0,0.00137,0.99863,1,1.5477e-10,0.0051757,1,-7.0842e-24,-6.2207e-08,0,0,0,0,0.0050672,0.0010034,2.3435e-09,0.0004465,0.22801,0,9.0775e-09,1000.3,1,0.076,0,0.076,0
-755.34,0.79237,4.2021e-08,0,1.191,-2.7082e-06,0.00017052,0,-2.7082e-06,-0.055909,0,0,3.7878e-11,0,3.8309e-17,0.05608,0,0,0.0013032,0.9987,1,1.0373e-10,0.0050368,1,-1.6529e-23,-4.1691e-08,0,0,0,0,0.0050173,0.0010033,2.1201e-09,0.00044982,0.21849,0,8.0641e-09,1000.2,1,0.077,0,0.077,0
-765.15,0.79599,3.9656e-08,0,1.1907,-2.7431e-06,0.00016909,0,-2.7431e-06,-0.055919,0,9.0269e-26,3.3352e-11,0,3.1741e-17,0.056088,0,0,0.0012401,0.99876,1,6.9641e-11,0.0049023,1,-2.6565e-24,-2.7991e-08,0,0,0,0,0.0049674,0.0010031,1.9196e-09,0.00045302,0.20937,0,7.1714e-09,1000.2,1,0.078,0,0.078,0
-774.96,0.79954,3.7417e-08,0,1.1904,-2.7775e-06,0.00016754,0,-2.7775e-06,-0.055928,0,2.0057e-26,2.9396e-11,0,7.0527e-18,0.056096,0,0,0.0011804,0.99882,1,4.6587e-11,0.0047718,1,-5.9025e-25,-1.8725e-08,0,0,0,0,0.0049176,0.001003,1.7388e-09,0.00045612,0.20064,0,6.3809e-09,1000.2,1,0.079,0,0.079,0
-784.78,0.80303,3.5305e-08,0,1.1901,-2.8114e-06,0.00016597,0,-2.8114e-06,-0.055937,0,1.1687e-25,2.5951e-11,0,5.3096e-17,0.056103,0,0,0.001124,0.99888,1,3.1258e-11,0.0046453,1,-5.7556e-24,-1.2564e-08,0,0,0,0,0.0048678,0.0010028,1.5763e-09,0.0004591,0.19228,0,5.6837e-09,1000.2,1,0.08,0,0.08,0
-794.59,0.80646,3.3319e-08,0,1.1898,-2.8448e-06,0.00016456,0,-2.8448e-06,-0.055945,0,2.6513e-25,2.2937e-11,0,8.2506e-17,0.056109,0,0,0.0010706,0.99893,1,2.0974e-11,0.0045226,1,0,-8.4301e-09,0,0,0,0,0.0048181,0.0010027,1.43e-09,0.00046198,0.18428,0,5.0664e-09,1000.2,1,0.081,0,0.081,0
-804.4,0.80984,3.1451e-08,0,1.1895,-2.8775e-06,0.00016331,0,-2.8775e-06,-0.055952,0,2.2515e-25,2.0291e-11,0,-9.8056e-17,0.056116,0,0,0.0010201,0.99898,1,1.4022e-11,0.0044034,1,-2.3613e-24,-5.6356e-09,0,0,0,0,0.0047684,0.0010026,1.2976e-09,0.00046475,0.1766,0,4.5181e-09,1000.2,1,0.082,0,0.082,0
-814.21,0.81315,2.9693e-08,0,1.1893,-2.9096e-06,0.00016169,0,-2.9096e-06,-0.05596,0,6.0681e-26,1.7962e-11,0,2.8289e-17,0.056122,0,0,0.00097163,0.99903,1,9.4185e-12,0.0042877,1,-1.8447e-25,-3.7856e-09,0,0,0,0,0.0047188,0.0010024,1.1773e-09,0.00046741,0.16916,0,4.0294e-09,1000.2,1,0.083,0,0.083,0
-824.02,0.81641,2.7979e-08,0,1.189,-2.941e-06,0.00015982,0,-2.941e-06,-0.055967,0,7.282e-26,1.5851e-11,0,3.3948e-17,0.056127,0,0,0.00092378,0.99908,1,6.3161e-12,0.0041753,1,-2.2137e-25,-2.5386e-09,0,0,0,0,0.0046693,0.0010023,1.0641e-09,0.00046997,0.16171,0,3.5806e-09,1000.2,1,0.084,0,0.084,0
-833.83,0.81961,2.6294e-08,0,1.1888,-2.9719e-06,0.00015786,0,-2.9719e-06,-0.055974,0,0,1.3927e-11,0,0,0.056132,0,0,0.00087617,0.99912,1,4.2197e-12,0.004066,1,0,-1.696e-09,0,0,0,0,0.0046198,0.0010022,9.5713e-10,0.00047242,0.15421,0,3.1661e-09,1000.2,1,0.085,0,0.085,0
-843.65,0.82276,2.4636e-08,0,1.1885,-3.002e-06,0.0001568,0,-3.002e-06,-0.055982,0,0,1.2182e-11,0,3.4472e-17,0.056138,0,0,0.00082882,0.99917,1,2.8377e-12,0.0039598,1,-1.6603e-25,-1.1406e-09,0,0,0,0,0.0045704,0.0010021,8.5636e-10,0.00047477,0.14666,0,2.7856e-09,1000.2,1,0.086,0,0.086,0
-853.46,0.82585,2.3006e-08,0,1.1883,-3.0314e-06,0.00015578,0,-3.0314e-06,-0.055989,0,0,1.0596e-11,0,2.8727e-17,0.056145,0,0,0.00078168,0.99922,1,1.9018e-12,0.0038565,1,-1.3836e-25,-7.6441e-10,0,0,0,0,0.0045211,0.001002,7.6151e-10,0.00047703,0.13907,0,2.4358e-09,1000.2,1,0.087,0,0.087,0
-863.27,0.8289,2.1403e-08,0,1.188,-3.0602e-06,0.0001546,0,-3.0602e-06,-0.055996,0,1.2002e-25,9.1587e-12,0,-2.3475e-18,0.056151,0,0,0.00073476,0.99927,1,1.2719e-12,0.003756,1,-2.9516e-25,-5.1119e-10,0,0,0,0,0.0044719,0.0010018,6.7259e-10,0.00047919,0.13142,0,2.1156e-09,1000.1,1,0.088,0,0.088,0
-873.08,0.83189,1.9829e-08,0,1.1878,-3.0882e-06,0.00015233,0,-3.0882e-06,-0.056003,0,5.5725e-26,7.8677e-12,0,-5.0059e-18,0.056156,0,0,0.00068803,0.99931,1,8.549e-13,0.0036583,1,-1.568e-25,-3.4362e-10,0,0,0,0,0.0044228,0.0010017,5.8985e-10,0.00048124,0.12371,0,1.825e-09,1000.1,1,0.089,0,0.089,0
-882.89,0.83484,1.8284e-08,0,1.1875,-3.1156e-06,0.00014989,0,-3.1156e-06,-0.05601,0,0,6.7026e-12,0,0,0.05616,0,0,0.00064149,0.99936,1,5.7262e-13,0.0035631,1,0,-2.3014e-10,0,0,0,0,0.0043738,0.0010016,5.1276e-10,0.0004832,0.11594,0,1.5605e-09,1000.1,1,0.09,0,0.09,0
-892.7,0.83774,1.6768e-08,0,1.1873,-3.1422e-06,0.00014783,0,-3.1422e-06,-0.056017,0,0,5.6562e-12,0,0,0.056165,0,0,0.00059513,0.9994,1,3.8334e-13,0.0034704,1,0,-1.5408e-10,0,0,0,0,0.0043248,0.0010015,4.4129e-10,0.00048507,0.10812,0,1.321e-09,1000.1,1,0.091,0,0.091,0
-902.51,0.84058,1.5282e-08,0,1.187,-3.1681e-06,0.00014692,0,-3.1681e-06,-0.056024,0,3.4252e-26,4.7213e-12,0,4.8716e-17,0.056171,0,0,0.00054895,0.99945,1,2.5755e-13,0.0033802,1,-1.96e-26,-1.035e-10,0,0,0,0,0.004276,0.0010014,3.7541e-10,0.00048684,0.10025,0,1.1055e-09,1000.1,1,0.092,0,0.092,0
-912.33,0.84339,1.3825e-08,0,1.1868,-3.1932e-06,0.00014619,0,-3.1932e-06,-0.056031,0,2.3542e-26,3.8879e-12,0,-4.4453e-17,0.056178,0,0,0.00050293,0.9995,1,1.7238e-13,0.0032923,1,0,-6.929e-11,0,0,0,0,0.0042273,0.0010013,3.1494e-10,0.00048853,0.092315,0,9.1231e-10,1000.1,1,0.093,0,0.093,0
-922.14,0.84615,1.2399e-08,0,1.1865,-3.2177e-06,0.00014438,0,-3.2177e-06,-0.056039,0,0,3.1536e-12,0,-2.8242e-17,0.056183,0,0,0.00045705,0.99954,1,1.1556e-13,0.0032066,1,-1.7294e-27,-4.6432e-11,0,0,0,0,0.0041788,0.0010011,2.6007e-10,0.00049012,0.08432,0,7.4116e-10,1000.1,1,0.094,0,0.094,0
-931.95,0.84886,1.1003e-08,0,1.1863,-3.2414e-06,0.000141,0,-3.2414e-06,-0.056046,0,0,2.512e-12,0,-7.5315e-17,0.056187,0,0,0.00041131,0.99959,1,7.7589e-14,0.0031231,1,-4.6119e-27,-3.1186e-11,0,0,0,0,0.0041303,0.001001,2.1075e-10,0.00049162,0.07626,0,5.9097e-10,1000.1,1,0.095,0,0.095,0
-941.76,0.85153,9.6365e-09,0,1.1861,-3.2645e-06,0.00013706,0,-3.2645e-06,-0.056052,0,0,1.9533e-12,0,0,0.05619,0,0,0.00036569,0.99963,1,5.1876e-14,0.0030417,1,0,-2.0835e-11,0,0,0,0,0.004082,0.0010009,1.6665e-10,0.00049303,0.06814,0,4.5976e-10,1000.1,1,0.096,0,0.096,0
-951.57,0.85415,8.3015e-09,0,1.1858,-3.2868e-06,0.00013527,0,-3.2868e-06,-0.056059,0,5.5525e-27,1.4741e-12,0,-8.0584e-17,0.056195,0,0,0.00032021,0.99968,1,3.4823e-14,0.0029624,1,-2.45e-27,-1.4e-11,0,0,0,0,0.0040338,0.0010008,1.2783e-10,0.00049435,0.05996,0,3.4697e-10,1000.1,1,0.097,0,0.097,0
-961.38,0.85674,6.9973e-09,0,1.1856,-3.3084e-06,0.00013529,0,-3.3084e-06,-0.056066,0,4.7571e-27,1.069e-12,0,-1.1045e-16,0.056202,0,0,0.00027485,0.99973,1,2.3365e-14,0.002885,1,0,-9.3923e-12,0,0,0,0,0.0039858,0.0010007,9.4165e-11,0.00049559,0.051719,0,2.5147e-10,1000.1,1,0.098,0,0.098,0
-971.19,0.85928,5.7231e-09,0,1.1853,-3.3294e-06,0.00013615,0,-3.3294e-06,-0.056073,0,4.7579e-28,7.3301e-13,0,-1.1047e-17,0.056209,0,0,0.00022961,0.99977,1,1.5655e-14,0.0028096,1,0,-6.2791e-12,0,0,0,0,0.0039379,0.0010006,6.5576e-11,0.00049674,0.043415,0,1.7224e-10,1000,1,0.099,0,0.099,0
-981,0.86178,4.4782e-09,0,1.1851,-3.3496e-06,0.00013064,0,-3.3496e-06,-0.05608,0,2.0348e-27,4.6785e-13,0,-1.8845e-16,0.056211,0,0,0.00018443,0.99982,1,1.0472e-14,0.002736,1,-1.225e-27,-4.2096e-12,0,0,0,0,0.0038901,0.0010005,4.2458e-11,0.00049781,0.035035,0,1.0975e-10,1000,1,0.1,0,0.1,0
