"TauSxy","nut","alphas","alpha.water","TauFxy","rho","mum","k","psk","psf","p_rgh","alpha.sand","mup","CD","p","alpha.air","gamma","alphaSolInd","epsilon","gradAlphad:0","gradAlphad:1","gradAlphad:2","U:0","U:1","U:2","gradPsf:0","gradPsf:1","gradPsf:2","Wi:0","Wi:1","Wi:2","Wtd:0","Wtd:1","Wtd:2","Wsd:0","Wsd:1","Wsd:2","W:0","W:1","W:2","TauF:0","TauF:1","TauF:2","TauF:3","TauF:4","TauF:5","TauS:0","TauS:1","TauS:2","TauS:3","TauS:4","TauS:5","vtkValidPointMask","arc_length","Points:0","Points:1","Points:2"
3.0173,0,1.1005,0.44974,0.00037767,1104.6,0.027831,1e-06,0.00037576,17.888,3.0519,0.55026,100,67.939,3.0519,5.5511e-17,1,1,1.9156e-05,0,0,0,0,0,0,0,-1255.1,0,0,0,0,0,0,0,0,2.8822e-08,0,0,0,0,-4.2095e-07,8.419e-07,-4.2095e-07,0.00037767,0,0,-0.0033631,0.0067263,-0.0033631,3.0173,0,0,1,0,-0.000425,0,-0.000425
2.9818,5.7798e-07,1.0999,0.45004,0.0003774,1104.5,0.027547,1.1811e-05,0.00038305,16.264,4.6715,0.54996,100,67.699,-6.1636,2.7756e-17,1,1,2.2599e-05,-1.2677e-14,-0.069066,0,3.0005e-05,9.2236e-08,0,-2.2525e-15,-1803.2,0,0,0,0,8.459e-21,2.0459e-06,0,8.1008e-23,4.2737e-08,0,8.54e-21,2.0887e-06,0,-1.0997e-06,2.1993e-06,-1.0997e-06,0.0003774,0,0,-0.0086826,0.017365,-0.0086826,2.9818,0,0,1,0.0010001,-0.0004165,0.001,-0.0004165
2.9397,1.6265e-06,1.0992,0.4504,0.00038185,1104.4,0.027214,2.2986e-05,0.00038319,14.503,6.4287,0.5496,100,67.412,-15.24,-1.9592e-17,1,1,2.9363e-05,-7.3526e-14,-0.1028,0,5.9604e-05,2.2173e-07,0,9.8221e-13,-1485.1,0,0,0,0,-5.2393e-20,5.0292e-06,0,1.9382e-22,3.3375e-08,0,-5.22e-20,5.0626e-06,0,-1.167e-06,2.3339e-06,-1.167e-06,0.00038185,0,0,-0.0089723,0.017945,-0.0089723,2.9397,0,0,1,0.0020001,-0.000408,0.002,-0.000408
2.925,2.8009e-06,1.0986,0.45072,0.00039196,1104.4,0.02693,3.4568e-05,0.00040588,13.123,7.8306,0.54928,100,67.163,-24.671,2.7756e-17,1,1,3.8409e-05,0,-0.15287,0,8.8881e-05,4.2547e-07,0,-4.7549e-14,-1515.6,0,0,0,0,0,1.0177e-05,0,0,1.1474e-09,0,0,1.0178e-05,0,-2.7877e-06,5.5755e-06,-2.7877e-06,0.00039196,0,0,-0.020784,0.041569,-0.020784,2.925,0,0,1,0.0030002,-0.0003995,0.003,-0.0003995
2.9528,3.9467e-06,1.0978,0.45112,0.00040657,1104.3,0.026574,4.6878e-05,0.00044426,11.54,9.4111,0.54888,100,66.846,-33.921,0,1,1,5.0113e-05,0,-0.22976,0,0.00011824,7.9908e-07,0,-7.9513e-13,-1786.7,0,0,0,0,0,1.9395e-05,0,0,0,0,0,1.9395e-05,0,-2.6416e-06,5.2831e-06,-2.6416e-06,0.00040657,0,0,-0.019232,0.038465,-0.019232,2.9528,0,0,1,0.0040003,-0.000391,0.004,-0.000391
3.0004,5.0372e-06,1.0968,0.45159,0.00042293,1104.2,0.026175,6.0354e-05,0.00046248,9.9331,11.007,0.54841,100,66.483,-43.153,0,1,1,6.5086e-05,0,-0.34066,0,0.00014799,9.8575e-07,0,-8.9973e-13,-1433.7,0,0,0,0,0,2.2988e-05,0,0,0,0,0,2.2988e-05,0,-2.1774e-06,4.3548e-06,-2.1774e-06,0.00042293,0,0,-0.01542,0.03084,-0.01542,3.0004,0,0,1,0.0050004,-0.0003825,0.005,-0.0003825
3.0558,6.0753e-06,1.0959,0.45206,0.00044011,1104.1,0.025783,7.5599e-05,0.00046414,8.5303,12.415,0.54794,100,66.118,-52.572,2.1225e-17,1,1,8.4679e-05,0,-0.50779,0,0.00017826,1.285e-06,0,-1.2347e-12,-1342.8,0,0,0,0,0,2.998e-05,0,0,0,0,0,2.998e-05,0,-3.0252e-06,6.0504e-06,-3.0252e-06,0.00044011,0,0,-0.021007,0.042015,-0.021007,3.0558,0,0,1,0.0060004,-0.000374,0.006,-0.000374
3.1824,7.0883e-06,1.0949,0.45257,0.00047505,1104,0.025372,9.3491e-05,0.00047251,7.2339,13.715,0.54743,98.604,65.726,-62.098,-1.6327e-18,1,1,0.00011102,0,-0.75682,0,0.00020914,1.6142e-06,0,0,-1230.5,0,0,0,0,0,3.7428e-05,0,0,0,0,0,3.7428e-05,0,-3.9723e-06,7.9446e-06,-3.9723e-06,0.00047505,0,0,-0.02653,0.05306,-0.02653,3.1824,0,0,1,0.0070005,-0.0003655,0.007,-0.0003655
3.1149,8.103e-06,1.0937,0.45314,0.001327,1103.9,0.02493,0.00011487,0.0025667,6.012,14.907,0.54686,44.904,65.293,-71.727,4.898e-18,1,1,0.00014663,-3.5495e-14,-1.1227,0,0.00025195,2.1172e-06,0,0,-1199.6,0,0,0,0,-2.8026e-19,4.9659e-05,0,0,0,0,-2.8026e-19,4.9659e-05,0,-6.0254e-06,1.2051e-05,-6.0254e-06,0.001327,0,0,-0.017086,0.034172,-0.017086,3.1149,0,0,1,0.0080006,-0.000357,0.008,-0.000357
2.6579,9.1352e-06,1.0924,0.4538,0.010292,1103.8,0.02443,0.00014124,0.16939,4.8289,15.886,0.5462,5.0329,64.791,-81.566,-5.5511e-17,1,1,0.00019666,-4.3102e-14,-1.6672,0,0.00052417,2.9093e-06,0,2.0792e-13,-1185.3,0,0,0,0,-3.7093e-19,6.8279e-05,0,0,0,0,-3.7093e-19,6.8279e-05,0,-9.906e-06,1.9812e-05,-9.906e-06,0.010292,0,0,-0.0031642,0.0063285,-0.0031642,2.6579,0,0,1,0.0090006,-0.0003485,0.009,-0.0003485
2.6616,1.0164e-05,1.0908,0.45462,0.030309,1103.6,0.023842,0.00017421,1.1556,3.6712,16.039,0.54538,1.4054,64.18,-92.227,-2.7756e-17,1,1,0.00026903,-1.2931e-13,-2.4699,0,0.0018561,3.9662e-06,0,1.7183e-12,-1117.2,0,0,0,0,1.6061e-18,9.2685e-05,0,0,0,0,1.6061e-18,9.2685e-05,0,-1.2214e-05,2.4428e-05,-1.2214e-05,0.030309,0,0,-0.0010912,0.0021824,-0.0010912,2.6616,0,0,1,0.010001,-0.00034,0.01,-0.00034
2.7057,1.118e-05,1.0888,0.45562,0.044465,1103.4,0.023163,0.00021498,2.1925,2.6026,16.051,0.54438,0.95533,63.444,-103.02,2.449e-17,1,1,0.0003724,0,-3.6352,0,0.0042975,5.5735e-06,0,0,-1037.2,0,0,0,0,0,0.00013146,0,0,0,0,0,0.00013146,0,-3.5915e-05,7.183e-05,-3.5915e-05,0.044465,0,0,-0.0021509,0.0043017,-0.0021509,2.7057,0,0,1,0.011001,-0.0003315,0.011,-0.0003315
2.6973,1.2092e-05,1.086,0.457,0.054905,1103.2,0.022284,0.00026601,3.0942,1.6074,16.05,0.543,0.77353,62.094,-113.81,-2.1225e-17,1,1,0.00052758,-6.592e-14,-5.3338,0,0.0074715,1.3906e-05,0,1.7745e-12,-985.63,0,0,0,0,3.2438e-18,0.00021868,0,0,0,0,3.2438e-18,0.00021868,0,-6.1172e-05,0.00012234,-6.1172e-05,0.054905,0,0,-0.0033631,0.0067262,-0.0033631,2.6973,0,0,1,0.012001,-0.000323,0.012,-0.000323
2.7392,1.295e-05,1.0798,0.46008,0.067642,1102.6,0.020589,0.00033424,4.0651,0.61581,15.226,0.53992,0.62894,57.863,-125.39,-2.7756e-17,1,1,0.0007785,-8.6203e-14,-7.7606,0,0.011329,-1.2416e-05,0,1.0176e-12,-974.95,0,0,0,0,4.6699e-18,0.0014632,0,0,0,0,4.6699e-18,0.0014632,0,0.00043627,-0.00087254,0.00043627,0.067642,0,0,0.018346,-0.036692,0.018346,2.7392,0,0,1,0.013001,-0.0003145,0.013,-0.0003145
2.5114,1.4601e-05,1.0188,0.49062,0.10411,1096.8,0.011816,0.00046437,3.965,0.002742,15.793,0.50938,0.32108,39.442,-134.83,2.7756e-17,1,1,0.001334,-8.6203e-14,-11.126,0,0.017003,-1.2455e-05,0,1.1192e-13,-82.155,0,8.5465e-07,-0.0065766,0,2.6916e-18,0.0069074,0,0,0,0,8.5465e-07,0.00033085,0,-0.00026231,0.00052462,-0.00026231,0.10411,0,0,-0.006599,0.013198,-0.006599,2.5114,0,0,1,0.014001,-0.000306,0.014,-0.000306
2.3678,1.8165e-05,0.91814,0.54093,0.19243,1087.2,0.0066144,0.00076891,3.4094,0,15.115,0.45907,0.16951,22.938,-144.86,1.6327e-17,1,1,0.0029488,-3.0425e-14,-15.733,0,0.028188,1.0234e-06,0,0,0,0,1.0552e-06,-0.0094558,0,-2.1977e-18,0.0094953,0,0,0,0,1.0552e-06,3.9442e-05,0,-2.2676e-05,4.5352e-05,-2.2676e-05,0.19243,0,0,-0.00033754,0.00067508,-0.00033754,2.3678,0,0,1,0.015001,-0.0002975,0.015,-0.0002975
2.1143,2.3042e-05,0.81302,0.59349,0.3457,1077.2,0.0044379,0.0012656,2.8303,0,14.178,0.40651,0.1019,14.177,-154.9,1.9592e-17,1,1,0.0062864,0,-21.685,0,0.045804,1.4448e-06,0,0,0,0,-1.3542e-06,-0.012587,0,0,0.012621,0,0,0,0,-1.3542e-06,3.4152e-05,0,-1.0132e-06,2.0263e-06,-1.0132e-06,0.3457,0,0,-6.1557e-06,1.2311e-05,-6.1557e-06,2.1143,0,0,1,0.016001,-0.000289,0.016,-0.000289
1.7702,2.8593e-05,0.70788,0.64606,0.5779,1067.2,0.0032788,0.0019411,2.2378,0,13.156,0.35394,0.063582,9.195,-164.82,-5.5511e-17,1,1,0.011878,0,-28.891,0,0.070186,1.5484e-06,0,0,0,0,-2.4215e-06,-0.016231,0,0,0.016269,0,0,0,0,-2.4215e-06,3.7755e-05,0,-1.2064e-06,2.4127e-06,-1.2064e-06,0.5779,0,0,-3.7879e-06,7.5759e-06,-3.7879e-06,1.7702,0,0,1,0.017001,-0.0002805,0.017,-0.0002805
1.3558,3.465e-05,0.60608,0.69696,0.89196,1057.6,0.0025948,0.0027599,1.6418,0,12.09,0.30304,0.039883,6.354,-174.65,-3.5919e-17,1,1,0.019813,0,-36.88,0,0.10156,1.6132e-06,0,0,0,0,-3.7768e-06,-0.020308,0,0,0.02035,0,0,0,0,-3.7768e-06,4.2494e-05,0,-7.8487e-07,1.5697e-06,-7.8487e-07,0.89196,0,0,-1.2623e-06,2.5245e-06,-1.2623e-06,1.3558,0,0,1,0.018001,-0.000272,0.018,-0.000272
0.92876,4.1254e-05,0.51077,0.74462,1.2517,1048.5,0.0021451,0.0036261,1.0871,0,11.003,0.25538,0.024121,4.6158,-184.42,0,1,1,0.028696,0,-44.516,0,0.13827,1.642e-06,0,0,0,0,-4.7836e-06,-0.024597,0,0,0.024644,0,0,0,0,-4.7836e-06,4.7779e-05,0,-2.3901e-07,4.7803e-07,-2.3901e-07,1.2517,0,0,-2.1278e-07,4.2555e-07,-2.1278e-07,0.92876,0,0,1,0.019001,-0.0002635,0.019,-0.0002635
0.56058,4.8556e-05,0.42513,0.78743,1.5993,1040.4,0.0018403,0.0044363,0.63901,0,9.8973,0.21257,0.013915,3.5346,-194.22,-5.2246e-17,1,1,0.036478,0,-50.316,0,0.17805,1.6353e-06,0,0,0,0,-4.1289e-06,-0.028856,0,0,0.028906,0,0,3.7313e-06,0,-4.1289e-06,5.3644e-05,0,7.6095e-07,-1.5219e-06,7.6095e-07,1.5993,0,0,2.4984e-07,-4.9969e-07,2.4984e-07,0.56058,0,0,1,0.020001,-0.000255,0.02,-0.000255
0.30648,5.6676e-05,0.35182,0.82409,1.8754,1033.4,0.0016325,0.0051064,0.34268,0,8.7935,0.17591,0.007825,2.8584,-204.1,-3.2654e-17,1,1,0.041411,0,-52.666,0,0.21796,1.5846e-06,0,0,0,0,-2.8601e-06,-0.032827,0,0,0.032864,0,0,2.276e-05,0,-2.8601e-06,5.9574e-05,0,2.273e-06,-4.546e-06,2.273e-06,1.8754,0,0,3.5656e-07,-7.1311e-07,3.5656e-07,0.30648,0,0,1,0.021002,-0.0002465,0.021,-0.0002465
0.15691,6.5513e-05,0.29061,0.85469,2.0673,1027.6,0.0014853,0.0056231,0.17283,0,7.7389,0.14531,0.004324,2.4129,-214.04,1.3061e-17,1,1,0.04345,0,-51.064,0,0.2557,1.4976e-06,0,0,0,0,-2.0363e-06,-0.036365,0,0,0.036407,0,0,2.3688e-05,0,-2.0363e-06,6.528e-05,0,3.8286e-06,-7.6572e-06,3.8286e-06,2.0673,0,0,2.8528e-07,-5.7057e-07,2.8528e-07,0.15691,0,0,1,0.022002,-0.000238,0.022,-0.000238
0.079255,7.4918e-05,0.24078,0.87961,2.1897,1022.9,0.0013801,0.0060036,0.086309,0,6.7823,0.12039,0.0024181,2.1136,-224.01,0,1,1,0.043315,0,-45.891,0,0.29013,1.3898e-06,0,0,0,0,-1.7554e-06,-0.039402,0,0,0.039455,0,0,1.7039e-05,0,-1.7554e-06,7.069e-05,0,5.0205e-06,-1.0041e-05,5.0205e-06,2.1897,0,0,1.8057e-07,-3.6115e-07,1.8057e-07,0.079255,0,0,1,0.023002,-0.0002295,0.023,-0.0002295
0.041331,8.4703e-05,0.20084,0.89958,2.267,1019.1,0.0013038,0.0062788,0.044638,0,5.9499,0.10042,0.0014021,1.9077,-233.98,4.7059e-08,1,1,0.041913,0,-38.479,0,0.32103,1.2771e-06,0,0,0,0,-1.7566e-06,-0.04194,0,0,0.042005,0,0,1.0568e-05,0,-1.7566e-06,7.5929e-05,0,5.7328e-06,-1.1466e-05,5.7328e-06,2.267,0,0,1.0415e-07,-2.083e-07,1.0415e-07,0.041331,0,0,1,0.024002,-0.000221,0.024,-0.000221
0.0030045,9.4704e-05,0.16862,0.91569,2.3289,1016,0.0012467,0.0064804,0.0032248,0,5.2568,0.084308,0.00010785,1.7595,-243.92,-1.8235e-07,1,1,0.039928,0,-30.463,0,0.34893,1.169e-06,0,0,0,0,-1.8333e-06,-0.044053,0,0,0.044128,0,0,6.4217e-06,0,-1.8333e-06,8.109e-05,0,6.0867e-06,-1.2173e-05,6.0867e-06,2.3289,0,0,7.7754e-09,-1.5551e-08,7.7754e-09,0.0030045,0,0,1,0.025002,-0.0002125,0.025,-0.0002125
0.00019769,0.00010487,0.14275,0.92862,2.3562,1013.6,0.0012035,0.0066242,0.00020642,0,4.6459,0.071376,8.2379e-06,1.6511,-253.87,1.5e-07,1,1,0.037673,0,-23.027,0,0.37414,1.0698e-06,0,0,0,0,-1.9039e-06,-0.045793,0,0,0.045875,0,0,4.1916e-06,0,-1.9039e-06,8.622e-05,0,6.1883e-06,-1.2377e-05,6.1883e-06,2.3562,0,0,5.1929e-10,-1.0386e-09,5.1929e-10,0.00019769,0,0,1,0.026002,-0.000204,0.026,-0.000204
0.00012574,0.00011513,0.12189,0.93906,2.3704,1011.6,0.0011703,0.006726,0.0001312,0,4.1311,0.060944,5.7724e-06,1.5698,-263.8,4.0294e-07,1,1,0.035382,0,-16.818,0,0.3969,9.8049e-07,0,0,0,0,-1.9453e-06,-0.047226,0,0,0.047315,0,0,2.5686e-06,0,-1.9453e-06,9.1342e-05,0,6.15e-06,-1.23e-05,6.15e-06,2.3704,0,0,3.2648e-10,-6.5297e-10,3.2648e-10,0.00012574,0,0,1,0.027002,-0.0001955,0.027,-0.0001955
8.2098e-05,0.0001254,0.10483,0.94759,2.3785,1010,0.0011441,0.0067983,8.5623e-05,0,3.6946,0.052414,4.1294e-06,1.507,-273.72,-5.2942e-08,1,1,0.033182,0,-11.946,0,0.41767,9.0047e-07,0,0,0,0,-1.9659e-06,-0.048416,0,9.0928e-18,0.048511,0,3.1316e-21,1.6033e-06,0,-1.9659e-06,9.6468e-05,0,6.03e-06,-1.206e-05,6.03e-06,2.3785,0,0,2.0828e-10,-4.1656e-10,2.0828e-10,8.2098e-05,0,0,1,0.028002,-0.000187,0.028,-0.000187
5.5324e-05,0.00013561,0.090887,0.95456,2.3819,1008.6,0.0011233,0.0068476,5.768e-05,0,3.3246,0.045443,3.0247e-06,1.4581,-283.62,1.0294e-07,1,1,0.03113,0,-8.3466,0,0.43668,8.2919e-07,0,0,0,0,-1.9745e-06,-0.049401,0,0,0.049502,0,0,1.0298e-06,0,-1.9745e-06,0.0001016,0,5.8626e-06,-1.1725e-05,5.8626e-06,2.3819,0,0,1.363e-10,-2.7259e-10,1.363e-10,5.5324e-05,0,0,1,0.029002,-0.0001785,0.029,-0.0001785
3.8207e-05,0.00014575,0.07935,0.96033,2.3815,1007.5,0.0011065,0.0068797,3.9824e-05,0,3.0077,0.039675,2.2572e-06,1.4192,-293.51,-8.8232e-09,1,1,0.029238,0,-5.7574,0,0.45423,7.6545e-07,0,0,0,0,-1.9774e-06,-0.050225,0,0,0.050332,0,0,6.7673e-07,0,-1.9774e-06,0.00010671,0,5.671e-06,-1.1342e-05,5.671e-06,2.3815,0,0,9.108e-11,-1.8216e-10,9.108e-11,3.8207e-05,0,0,1,0.030002,-0.00017,0.03,-0.00017
2.6877e-05,0.00015578,0.069688,0.96516,2.378,1006.6,0.0010927,0.0068985,2.8011e-05,0,2.7334,0.034844,1.7089e-06,1.3876,-303.39,-1.0294e-07,1,1,0.027501,0,-3.9238,0,0.47053,7.0817e-07,0,0,0,0,-1.9775e-06,-0.050922,0,0,0.051033,0,0,4.5241e-07,0,-1.9775e-06,0.00011175,0,5.4683e-06,-1.0937e-05,5.4683e-06,2.378,0,0,6.1844e-11,-1.2369e-10,6.1844e-11,2.6877e-05,0,0,1,0.031002,-0.0001615,0.031,-0.0001615
1.9358e-05,0.00016567,0.061606,0.9692,2.3723,1005.9,0.0010813,0.0069062,2.0171e-05,0,2.4963,0.030803,1.3166e-06,1.3618,-313.26,-2.8235e-07,1,1,0.025918,-9.5076e-16,-2.669,0,0.4857,6.5679e-07,0,0,0,0,-1.9754e-06,-0.051508,0,-1.4524e-18,0.051625,0,6.7603e-22,3.1006e-07,0,-1.9754e-06,0.00011668,0,5.2622e-06,-1.0524e-05,5.2622e-06,2.3723,0,0,4.2979e-11,-8.5958e-11,4.2979e-11,1.9358e-05,0,0,1,0.032002,-0.000153,0.032,-0.000153
1.4165e-05,0.00017543,0.054745,0.97263,2.3646,1005.2,0.0010718,0.0069053,1.4759e-05,0,2.2886,0.027372,1.0267e-06,1.3404,-323.12,-8.8246e-09,1,1,0.024469,-1.0102e-15,-1.8052,0,0.49992,6.1034e-07,0,0,0,0,-1.9713e-06,-0.052009,0,8.0046e-18,0.052131,0,3.5316e-22,2.1599e-07,0,-1.9713e-06,0.0001215,0,5.0578e-06,-1.0116e-05,5.0578e-06,2.3646,0,0,3.0327e-11,-6.0655e-11,3.0327e-11,1.4165e-05,0,0,1,0.033002,-0.0001445,0.033,-0.0001445
1.0503e-05,0.00018504,0.04887,0.97557,2.3552,1004.6,0.0010638,0.0068973,1.0943e-05,0,2.1054,0.024435,8.0902e-07,1.3224,-332.98,-6.8821e-22,1,1,0.023141,-3.3673e-16,-1.2132,0,0.5133,5.6813e-07,0,0,0,0,-1.9646e-06,-0.052441,0,1.7676e-17,0.052567,0,2.9107e-22,1.525e-07,0,-1.9646e-06,0.00012622,0,4.8588e-06,-9.7175e-06,4.8588e-06,2.3552,0,0,2.1677e-11,-4.3353e-11,2.1677e-11,1.0503e-05,0,0,1,0.034002,-0.000136,0.034,-0.000136
7.9295e-06,0.00019449,0.043856,0.97807,2.3446,1004.2,0.001057,0.0068831,8.2616e-06,0,1.9442,0.021928,6.4601e-07,1.3073,-342.84,-4.7059e-08,1,1,0.021929,-1.6837e-16,-0.81897,0,0.52589,5.2988e-07,0,0,0,0,-1.956e-06,-0.05281,0,-2.5611e-17,0.052941,0,0,1.0991e-07,0,-1.956e-06,0.00013084,0,4.6661e-06,-9.3322e-06,4.6661e-06,2.3446,0,0,1.5794e-11,-3.1587e-11,1.5794e-11,7.9295e-06,0,0,1,0.035003,-0.0001275,0.035,-0.0001275
6.0505e-06,0.00020378,0.039506,0.98025,2.3331,1003.8,0.0010511,0.0068641,6.3035e-06,0,1.8004,0.019753,5.2011e-07,1.2944,-352.68,1.4412e-07,1,1,0.020813,-1.1885e-16,-0.55032,0,0.53783,4.9487e-07,0,0,0,0,-1.9454e-06,-0.053132,0,-3.8382e-17,0.053268,0,2.3902e-22,8.0117e-08,0,-1.9454e-06,0.00013532,0,4.4811e-06,-8.9622e-06,4.4811e-06,2.3331,0,0,1.163e-11,-2.326e-11,1.163e-11,6.0505e-06,0,0,1,0.036003,-0.000119,0.036,-0.000119
4.6651e-06,0.0002129,0.035718,0.98214,2.3205,1003.4,0.0010461,0.0068409,4.8601e-06,0,1.6717,0.017859,4.2214e-07,1.2833,-362.53,-1.0882e-07,1,1,0.019786,-1.6837e-16,-0.36869,0,0.54916,4.6276e-07,0,0,0,0,-1.9331e-06,-0.053414,0,-5.8343e-18,0.053553,0,1.4293e-22,5.9073e-08,0,-1.9331e-06,0.00013965,0,4.3043e-06,-8.6087e-06,4.3043e-06,2.3205,0,0,8.6574e-12,-1.7315e-11,8.6574e-12,4.6651e-06,0,0,1,0.037003,-0.0001105,0.037,-0.0001105
3.6429e-06,0.00022185,0.032421,0.98379,2.3072,1003.1,0.0010417,0.0068141,3.7952e-06,0,1.5565,0.01621,3.4588e-07,1.2737,-372.37,-1.5882e-07,1,1,0.01884,-1.7332e-17,-0.2481,0,0.55993,4.3332e-07,0,0,0,0,-1.9199e-06,-0.053659,0,2.003e-17,0.053803,0,6.9166e-23,4.4209e-08,0,-1.9199e-06,0.00014379,0,4.1358e-06,-8.2717e-06,4.1358e-06,2.3072,0,0,6.5348e-12,-1.307e-11,6.5348e-12,3.6429e-06,0,0,1,0.038003,-0.000102,0.038,-0.000102
2.8674e-06,0.00023063,0.029515,0.98524,2.2934,1002.8,0.0010379,0.0067843,2.9871e-06,0,1.4523,0.014758,2.8514e-07,1.2653,-382.21,8.8236e-08,1,1,0.017964,-9.9037e-18,-0.16631,0,0.57022,4.0612e-07,0,0,0,0,-1.9064e-06,-0.053876,0,1.1446e-17,0.054024,0,3.9523e-23,3.3377e-08,0,-1.9064e-06,0.00014777,0,3.9753e-06,-7.9507e-06,3.9753e-06,2.2934,0,0,4.9732e-12,-9.9465e-12,4.9732e-12,2.8674e-06,0,0,1,0.039003,-9.35e-05,0.039,-9.35e-05
2.2764e-06,0.00023924,0.02695,0.98653,2.2791,1002.6,0.0010345,0.0067519,2.3714e-06,0,1.3579,0.013475,2.3662e-07,1.258,-392.05,-1.5e-07,1,1,0.017152,-2.3522e-17,-0.1114,0,0.58005,3.8096e-07,0,0,0,0,-1.8932e-06,-0.054068,0,6.6637e-18,0.05422,0,8.2577e-23,2.545e-08,0,-1.8932e-06,0.00015158,0,3.8224e-06,-7.6447e-06,3.8224e-06,2.2791,0,0,3.8196e-12,-7.6393e-12,3.8196e-12,2.2764e-06,0,0,1,0.040003,-8.5e-05,0.04,-8.5e-05
1.8238e-06,0.00024767,0.024682,0.98766,2.264,1002.3,0.0010315,0.0067172,1.9e-06,0,1.2723,0.012341,1.9771e-07,1.2516,-401.88,-1.5294e-07,1,1,0.016399,-2.2284e-17,-0.07486,0,0.58946,3.5768e-07,0,0,0,0,-1.8809e-06,-0.054238,0,5.8274e-18,0.054393,0,2.0143e-23,1.9619e-08,0,-1.8809e-06,0.00015522,0,3.6765e-06,-7.3529e-06,3.6765e-06,2.264,0,0,2.9633e-12,-5.9266e-12,2.9633e-12,1.8238e-06,0,0,1,0.041003,-7.65e-05,0.041,-7.65e-05
1.4703e-06,0.00025594,0.022658,0.98867,2.249,1002.2,0.0010289,0.0066807,1.5315e-06,0,1.1941,0.011329,1.6599e-07,1.2458,-411.71,-1.3235e-07,1,1,0.015696,-1.0523e-17,-0.050122,0,0.59849,3.3602e-07,0,0,0,0,-1.8701e-06,-0.05439,0,1.933e-17,0.054549,0,9.1682e-23,1.523e-08,0,-1.8701e-06,0.00015867,0,3.5371e-06,-7.0741e-06,3.5371e-06,2.249,0,0,2.3134e-12,-4.6268e-12,2.3134e-12,1.4703e-06,0,0,1,0.042003,-6.8e-05,0.042,-6.8e-05
1.1937e-06,0.00026404,0.020851,0.98957,2.2334,1002,0.0010265,0.0066424,1.2435e-06,0,1.1225,0.010425,1.4012e-07,1.2408,-421.54,-7.4706e-08,1,1,0.015041,-1.5784e-17,-0.033598,0,0.60717,3.1586e-07,0,0,0,0,-1.8614e-06,-0.054526,0,7.2234e-17,0.054688,0,4.9424e-23,1.1925e-08,0,-1.8614e-06,0.00016192,0,3.403e-06,-6.8061e-06,3.403e-06,2.2334,0,0,1.8197e-12,-3.6393e-12,1.8197e-12,1.1937e-06,0,0,1,0.043003,-5.95e-05,0.043,-5.95e-05
9.7573e-07,0.00027196,0.019232,0.99038,2.2175,1001.8,0.0010244,0.0066026,1.0164e-06,0,1.0569,0.0096161,1.1888e-07,1.2363,-431.37,4.3235e-08,1,1,0.014429,-5.2615e-18,-0.022559,0,0.61553,2.9706e-07,0,0,0,0,-1.855e-06,-0.054648,0,2.4414e-17,0.054813,0,6.463e-23,9.4133e-09,0,-1.855e-06,0.00016495,0,3.2745e-06,-6.549e-06,3.2745e-06,2.2175,0,0,1.4416e-12,-2.8831e-12,1.4416e-12,9.7573e-07,0,0,1,0.044003,-5.1e-05,0.044,-5.1e-05
8.0142e-07,0.00027972,0.017772,0.99111,2.2016,1001.7,0.0010226,0.0065616,8.3479e-07,0,0.99644,0.0088863,1.0124e-07,1.2322,-441.2,-1.3471e-07,1,1,0.013854,0,-0.015092,0,0.62359,2.7948e-07,0,0,0,0,-1.851e-06,-0.054758,0,0,0.054926,0,0,7.4724e-09,0,-1.851e-06,0.00016779,0,3.1506e-06,-6.3013e-06,3.1506e-06,2.2016,0,0,1.1473e-12,-2.2946e-12,1.1473e-12,8.0142e-07,0,0,1,0.045003,-4.25e-05,0.045,-4.25e-05
6.6225e-07,0.00028731,0.016458,0.99177,2.1851,1001.6,0.0010209,0.0065195,6.899e-07,0,0.94072,0.0082291,8.6628e-08,1.2286,-451.02,1.2824e-07,1,1,0.013315,-6.19e-19,-0.010127,0,0.63136,2.6306e-07,0,0,0,0,-1.8498e-06,-0.054857,0,1.4332e-17,0.055028,0,0,5.9772e-09,0,-1.8498e-06,0.00017043,0,3.031e-06,-6.0621e-06,3.031e-06,2.1851,0,0,9.1905e-13,-1.8381e-12,9.1905e-13,6.6225e-07,0,0,1,0.046003,-3.4e-05,0.046,-3.4e-05
5.5004e-07,0.00029473,0.015269,0.99237,2.1686,1001.4,0.0010193,0.0064763,5.73e-07,0,0.88917,0.0076342,7.4404e-08,1.2253,-460.85,2.3794e-07,1,1,0.012809,-1.857e-18,-0.0067953,0,0.63887,2.4767e-07,0,0,0,0,-1.8515e-06,-0.054947,0,-1.1187e-17,0.05512,0,7.5291e-24,4.8101e-09,0,-1.8515e-06,0.00017287,0,2.9155e-06,-5.831e-06,2.9155e-06,2.1686,0,0,7.3986e-13,-1.4797e-12,7.3986e-13,5.5004e-07,0,0,1,0.047003,-2.55e-05,0.047,-2.55e-05
4.5863e-07,0.000302,0.014186,0.99291,2.1521,1001.3,0.001018,0.0064323,4.7773e-07,0,0.8413,0.0070931,6.4096e-08,1.2223,-470.67,-2.5294e-08,1,1,0.012331,-7.7375e-20,-0.0045428,0,0.64615,2.3322e-07,0,0,0,0,-1.8559e-06,-0.055029,0,-3.6269e-18,0.055204,0,7.5293e-25,3.8887e-09,0,-1.8559e-06,0.00017511,0,2.8035e-06,-5.607e-06,2.8035e-06,2.1521,0,0,5.9762e-13,-1.1952e-12,5.9762e-13,4.5863e-07,0,0,1,0.048003,-1.7e-05,0.048,-1.7e-05
3.8446e-07,0.00030909,0.013204,0.9934,2.1353,1001.3,0.0010167,0.0063875,4.0047e-07,0,0.79692,0.0066022,5.5443e-08,1.2196,-480.5,4.2059e-08,1,1,0.011881,-1.3927e-18,-0.0030516,0,0.65318,2.1969e-07,0,0,0,0,-1.8633e-06,-0.055103,0,6.9344e-18,0.05528,0,1.5023e-23,3.1655e-09,0,-1.8633e-06,0.00017712,0,2.6954e-06,-5.3909e-06,2.6954e-06,2.1353,0,0,4.8552e-13,-9.7104e-13,4.8552e-13,3.8446e-07,0,0,1,0.049004,-8.5e-06,0.049,-8.5e-06
3.2346e-07,0.00031603,0.012308,0.99385,2.1183,1001.2,0.0010155,0.0063421,3.3694e-07,0,0.75557,0.0061539,4.8094e-08,1.2172,-490.32,1.7235e-07,1,1,0.011455,-6.5768e-19,-0.0020464,0,0.66001,2.0697e-07,0,0,0,0,-1.8735e-06,-0.055171,0,1.0356e-16,0.05535,0,8.886e-24,2.5883e-09,0,-1.8735e-06,0.00017893,0,2.5904e-06,-5.1807e-06,2.5904e-06,2.1183,0,0,3.9572e-13,-7.9144e-13,3.9572e-13,3.2346e-07,0,0,1,0.050004,0,0.05,0
2.7299e-07,0.00032282,0.011487,0.99426,2.1013,1001.1,0.0010145,0.006296,2.8437e-07,0,0.71695,0.0057433,4.1821e-08,1.2149,-500.14,2.2e-07,1,1,0.011052,-3.2884e-19,-0.0013672,0,0.66664,1.9499e-07,0,0,0,0,-1.8863e-06,-0.055234,0,2.6175e-17,0.055414,0,7.4564e-24,2.1244e-09,0,-1.8863e-06,0.00018054,0,2.4888e-06,-4.9775e-06,2.4888e-06,2.1013,0,0,3.2341e-13,-6.4681e-13,3.2341e-13,2.7299e-07,0,0,1,0.051004,8.5e-06,0.051,8.5e-06
2.3155e-07,0.00032944,0.010737,0.99463,2.0843,1001,0.0010135,0.0062494,2.4118e-07,0,0.68097,0.0053685,3.6499e-08,1.2129,-509.96,3.8206e-07,1,1,0.01067,-3.2884e-19,-0.00091942,0,0.67307,1.8376e-07,0,0,0,0,-1.9019e-06,-0.05529,0,3.2441e-17,0.055472,0,1.3297e-23,1.7546e-09,0,-1.9019e-06,0.00018196,0,2.3901e-06,-4.7803e-06,2.3901e-06,2.0843,0,0,2.6563e-13,-5.3127e-13,2.6563e-13,2.3155e-07,0,0,1,0.052004,1.7e-05,0.052,1.7e-05
1.9688e-07,0.00033591,0.010047,0.99498,2.0668,1001,0.0010127,0.0062024,2.051e-07,0,0.64724,0.0050237,3.1922e-08,1.211,-519.78,-6.5588e-08,1,1,0.010308,0,-0.00061621,0,0.67932,1.7318e-07,0,0,0,0,-1.9198e-06,-0.055343,0,0,0.055526,0,0,1.454e-09,0,-1.9198e-06,0.00018318,0,2.2947e-06,-4.5894e-06,2.2947e-06,2.0668,0,0,2.1868e-13,-4.3735e-13,2.1868e-13,1.9688e-07,0,0,1,0.053004,2.55e-05,0.053,2.55e-05
1.6792e-07,0.00034223,0.0094122,0.99529,2.0497,1000.9,0.0010119,0.006155,1.7491e-07,0,0.6156,0.0047062,2.798e-08,1.2093,-529.6,-2.3676e-07,1,1,0.009963,0,-0.0004121,0,0.6854,1.632e-07,0,0,0,0,-1.9401e-06,-0.055391,0,2.5514e-18,0.055575,0,2.8014e-25,1.2092e-09,0,-1.9401e-06,0.00018422,0,2.2022e-06,-4.4044e-06,2.2022e-06,2.0497,0,0,1.8045e-13,-3.6091e-13,1.8045e-13,1.6792e-07,0,0,1,0.054004,3.4e-05,0.054,3.4e-05
1.4375e-07,0.0003484,0.0088284,0.99559,2.0323,1000.8,0.0010111,0.0061071,1.4974e-07,0,0.58596,0.0044144,2.4596e-08,1.2077,-539.42,-4.0059e-07,1,1,0.0096353,-3.3851e-20,-0.00027699,0,0.69132,1.5383e-07,0,0,0,0,-1.9626e-06,-0.055435,0,-8.678e-18,0.05562,0,4.5614e-24,1.0106e-09,0,-1.9626e-06,0.00018505,0,2.1123e-06,-4.2246e-06,2.1123e-06,2.0323,0,0,1.4947e-13,-2.9894e-13,1.4947e-13,1.4375e-07,0,0,1,0.055004,4.25e-05,0.055,4.25e-05
1.2333e-07,0.00035442,0.0082891,0.99586,2.015,1000.8,0.0010104,0.006059,1.2847e-07,0,0.55805,0.0041445,2.1659e-08,1.2062,-549.23,1.0677e-07,1,1,0.0093228,-1.9343e-20,-0.00018553,0,0.69709,1.4498e-07,0,0,0,0,-1.987e-06,-0.055476,0,-1.9538e-17,0.055662,0,1.0057e-24,8.4703e-10,0,-1.987e-06,0.00018571,0,2.0253e-06,-4.0506e-06,2.0253e-06,2.015,0,0,1.2401e-13,-2.4803e-13,1.2401e-13,1.2333e-07,0,0,1,0.056004,5.1e-05,0.056,5.1e-05
1.0609e-07,0.00036029,0.0077901,0.9961,1.9974,1000.7,0.0010098,0.0060106,1.1052e-07,0,0.53178,0.003895,1.9111e-08,1.2049,-559.05,1.5706e-07,1,1,0.0090247,-7.2538e-20,-0.00012421,0,0.70271,1.3664e-07,0,0,0,0,-2.0133e-06,-0.055514,0,-1.1751e-18,0.0557,0,3.2184e-24,7.1232e-10,0,-2.0133e-06,0.00018619,0,1.9406e-06,-3.8812e-06,1.9406e-06,1.9974,0,0,1.0311e-13,-2.0621e-13,1.0311e-13,1.0609e-07,0,0,1,0.057004,5.95e-05,0.057,5.95e-05
9.1544e-08,0.00036602,0.0073285,0.99634,1.98,1000.7,0.0010092,0.0059619,9.5359e-08,0,0.50705,0.0036642,1.6902e-08,1.2037,-568.87,3.2647e-08,1,1,0.0087403,-2.0552e-20,-8.3437e-05,0,0.70819,1.288e-07,0,0,0,0,-2.0413e-06,-0.055549,0,8.9232e-17,0.055736,0,0,6.014e-10,0,-2.0413e-06,0.00018651,0,1.8585e-06,-3.7169e-06,1.8585e-06,1.98,0,0,8.5962e-14,-1.7192e-13,8.5962e-14,9.1544e-08,0,0,1,0.058004,6.8e-05,0.058,6.8e-05
7.9138e-08,0.00037161,0.0069,0.99655,1.9626,1000.7,0.0010087,0.005913,8.2432e-08,0,0.48369,0.0034499,1.497e-08,1.2025,-578.69,2.3382e-07,1,1,0.0084681,-2.5388e-20,-5.5852e-05,0,0.71354,1.2139e-07,0,0,0,0,-2.0708e-06,-0.055582,0,8.6104e-17,0.055769,0,2.205e-24,5.0896e-10,0,-2.0708e-06,0.00018667,0,1.7789e-06,-3.5578e-06,1.7789e-06,1.9626,0,0,7.1758e-14,-1.4352e-13,7.1758e-14,7.9138e-08,0,0,1,0.059004,7.65e-05,0.059,7.65e-05
6.8571e-08,0.00037705,0.0065016,0.99675,1.9448,1000.6,0.0010082,0.0058639,7.1432e-08,0,0.46163,0.0032509,1.3284e-08,1.2014,-588.5,-2.1323e-07,1,1,0.0082078,-2.0552e-20,-3.7433e-05,0,0.71876,1.1441e-07,0,0,0,0,-2.1017e-06,-0.055612,0,1.1553e-16,0.055799,0,1.2106e-24,4.3212e-10,0,-2.1017e-06,0.00018667,0,1.7013e-06,-3.4026e-06,1.7013e-06,1.9448,0,0,6.0007e-14,-1.2001e-13,6.0007e-14,6.8571e-08,0,0,1,0.060004,8.5e-05,0.06,8.5e-05
5.9566e-08,0.00038236,0.006132,0.99693,1.9273,1000.6,0.0010077,0.0058147,6.2046e-08,0,0.44078,0.003066,1.1809e-08,1.2004,-598.32,4.4118e-08,1,1,0.0079586,0,-2.5132e-05,0,0.72386,1.0784e-07,0,0,0,0,-2.1338e-06,-0.05564,0,0,0.055827,0,0,3.6803e-10,0,-2.1338e-06,0.00018652,0,1.6265e-06,-3.253e-06,1.6265e-06,1.9273,0,0,5.029e-14,-1.0058e-13,5.029e-14,5.9566e-08,0,0,1,0.061004,9.35e-05,0.061,9.35e-05
5.182e-08,0.00038753,0.005787,0.99711,1.9098,1000.6,0.0010073,0.0057653,5.3976e-08,0,0.42102,0.0028935,1.051e-08,1.1995,-608.13,-2.7058e-08,1,1,0.0077195,-2.2668e-21,-1.6812e-05,0,0.72885,1.0164e-07,0,0,0,0,-2.1669e-06,-0.055667,0,-1.4831e-16,0.055853,0,2.4993e-24,3.141e-10,0,-2.1669e-06,0.00018624,0,1.5538e-06,-3.1077e-06,1.5538e-06,1.9098,0,0,4.2175e-14,-8.4351e-14,4.2175e-14,5.182e-08,0,0,1,0.062004,0.000102,0.062,0.000102
4.5183e-08,0.00039257,0.005466,0.99727,1.892,1000.5,0.0010069,0.0057158,4.7065e-08,0,0.40231,0.0027329,9.3712e-09,1.1987,-617.95,1.6324e-07,1,1,0.0074901,-1.209e-21,-1.128e-05,0,0.73372,9.5802e-08,0,0,0,0,-2.2009e-06,-0.055691,0,-1.0673e-17,0.055877,0,1.9263e-25,2.689e-10,0,-2.2009e-06,0.00018581,0,1.4836e-06,-2.9671e-06,1.4836e-06,1.892,0,0,3.5442e-14,-7.0884e-14,3.5442e-14,4.5183e-08,0,0,1,0.063005,0.0001105,0.063,0.0001105
3.9465e-08,0.00039747,0.0051659,0.99742,1.8741,1000.5,0.0010065,0.0056661,4.1114e-08,0,0.38458,0.002583,8.3673e-09,1.1979,-627.76,-2.1912e-07,1,1,0.0072699,-2.1157e-21,-7.5689e-06,0,0.73849,9.0299e-08,0,0,0,0,-2.2358e-06,-0.055714,0,-1.8678e-17,0.055899,0,3.371e-25,2.3077e-10,0,-2.2358e-06,0.00018527,0,1.4157e-06,-2.8314e-06,1.4157e-06,1.8741,0,0,2.9825e-14,-5.9649e-14,2.9825e-14,3.9465e-08,0,0,1,0.064005,0.000119,0.064,0.000119
3.4522e-08,0.00040224,0.0048857,0.99756,1.8566,1000.5,0.0010061,0.0056164,3.5961e-08,0,0.36772,0.0024428,7.4787e-09,1.1971,-637.58,1.4088e-07,1,1,0.007058,-1.2845e-21,-5.06e-06,0,0.74316,8.5107e-08,0,0,0,0,-2.2712e-06,-0.055735,0,1.188e-16,0.05592,0,7.0779e-25,1.984e-10,0,-2.2712e-06,0.0001846,0,1.3501e-06,-2.7002e-06,1.3501e-06,1.8566,0,0,2.5111e-14,-5.0221e-14,2.5111e-14,3.4522e-08,0,0,1,0.065005,0.0001275,0.065,0.0001275
3.0265e-08,0.00040688,0.0046234,0.99769,1.839,1000.4,0.0010058,0.0055666,3.1524e-08,0,0.35173,0.0023118,6.6956e-09,1.1964,-647.39,-1.5647e-07,1,1,0.0068545,-1.2845e-21,-3.3989e-06,0,0.74772,8.0223e-08,0,0,0,0,-2.3072e-06,-0.055755,0,1.354e-16,0.055939,0,6.1692e-25,1.7108e-10,0,-2.3072e-06,0.00018384,0,1.287e-06,-2.574e-06,1.287e-06,1.839,0,0,2.1188e-14,-4.2376e-14,2.1188e-14,3.0265e-08,0,0,1,0.066005,0.000136,0.066,0.000136
2.6566e-08,0.00041139,0.0043778,0.99781,1.8213,1000.4,0.0010055,0.0055168,2.7672e-08,0,0.33651,0.002189,6.0009e-09,1.1957,-657.21,-1.7029e-07,1,1,0.0066584,-4.1559e-22,-2.2793e-06,0,0.75219,7.5619e-08,0,0,0,0,-2.3436e-06,-0.055774,0,-6.2963e-17,0.055957,0,3.4609e-25,1.4781e-10,0,-2.3436e-06,0.00018297,0,1.2261e-06,-2.4523e-06,1.2261e-06,1.8213,0,0,1.7892e-14,-3.5785e-14,1.7892e-14,2.6566e-08,0,0,1,0.067005,0.0001445,0.067,0.0001445
2.3345e-08,0.00041578,0.0041477,0.99793,1.8036,1000.4,0.0010052,0.0054669,2.4316e-08,0,0.32202,0.0020737,5.3829e-09,1.1951,-667.02,2.65e-07,1,1,0.0064694,0,-1.5227e-06,0,0.75658,7.1274e-08,0,0,0,0,-2.38e-06,-0.055792,0,0,0.055974,0,0,1.279e-10,0,-2.38e-06,0.00018202,0,1.1677e-06,-2.3353e-06,1.1677e-06,1.8036,0,0,1.5117e-14,-3.0235e-14,1.5117e-14,2.3345e-08,0,0,1,0.068005,0.000153,0.068,0.000153
2.0554e-08,0.00042004,0.0039322,0.99803,1.7855,1000.4,0.0010049,0.0054169,2.1414e-08,0,0.30826,0.0019659,4.8365e-09,1.1946,-676.83,3.6088e-07,1,1,0.0062875,-4.1559e-22,-1.024e-06,0,0.76087,6.7192e-08,0,0,0,0,-2.4169e-06,-0.055808,0,5.3469e-17,0.055989,0,3.0317e-25,1.1099e-10,0,-2.4169e-06,0.00018096,0,1.1113e-06,-2.2227e-06,1.1113e-06,1.7855,0,0,1.2799e-14,-2.5597e-14,1.2799e-14,2.0554e-08,0,0,1,0.069005,0.0001615,0.069,0.0001615
1.8121e-08,0.00042418,0.0037289,0.99814,1.768,1000.4,0.0010047,0.005367,1.8876e-08,0,0.29513,0.0018645,4.3488e-09,1.194,-686.65,-1.95e-07,1,1,0.0061118,-2.2668e-22,-6.8631e-07,0,0.76508,6.3341e-08,0,0,0,0,-2.4539e-06,-0.055824,0,-6.0779e-17,0.056003,0,8.2915e-25,9.6454e-11,0,-2.4539e-06,0.00017983,0,1.0571e-06,-2.1142e-06,1.0571e-06,1.768,0,0,1.0838e-14,-2.1676e-14,1.0838e-14,1.8121e-08,0,0,1,0.070005,0.00017,0.07,0.00017
1.5991e-08,0.0004282,0.0035384,0.99823,1.7504,1000.3,0.0010044,0.005317,1.6656e-08,0,0.2826,0.0017692,3.9137e-09,1.1935,-696.46,2.4411e-08,1,1,0.0059422,-4.7233e-24,-4.5899e-07,0,0.7692,5.9712e-08,0,0,0,0,-2.4909e-06,-0.055838,0,-1.0938e-17,0.056017,0,2.003e-26,8.3955e-11,0,-2.4909e-06,0.00017864,0,1.0049e-06,-2.0097e-06,1.0049e-06,1.7504,0,0,9.1823e-15,-1.8365e-14,9.1823e-15,1.5991e-08,0,0,1,0.071005,0.0001785,0.071,0.0001785
1.4133e-08,0.00043209,0.0033591,0.99832,1.7323,1000.3,0.0010042,0.005267,1.4723e-08,0,0.27066,0.0016796,3.5267e-09,1.193,-706.27,-1.2265e-07,1,1,0.0057785,-4.7226e-23,-3.085e-07,0,0.77325,5.6302e-08,0,0,0,0,-2.5278e-06,-0.055852,0,-1.0936e-16,0.056029,0,2.0027e-25,7.3253e-11,0,-2.5278e-06,0.0001774,0,9.5475e-07,-1.9095e-06,9.5475e-07,1.7323,0,0,7.7922e-15,-1.5584e-14,7.7922e-15,1.4133e-08,0,0,1,0.072005,0.000187,0.072,0.000187
1.2504e-08,0.00043587,0.00319,0.99841,1.7148,1000.3,0.001004,0.0052171,1.3025e-08,0,0.25925,0.0015951,3.18e-09,1.1926,-716.09,-2.8559e-07,1,1,0.0056202,-4.0141e-23,-2.0663e-07,0,0.77722,5.3087e-08,0,0,0,0,-2.5644e-06,-0.055865,0,2.0026e-17,0.056041,0,3.0072e-25,6.3995e-11,0,-2.5644e-06,0.00017611,0,9.0657e-07,-1.8131e-06,9.0657e-07,1.7148,0,0,6.6131e-15,-1.3226e-14,6.6131e-15,1.2504e-08,0,0,1,0.073005,0.0001955,0.073,0.0001955
1.1075e-08,0.00043953,0.0030308,0.99848,1.6973,1000.3,0.0010038,0.0051671,1.1535e-08,0,0.24835,0.0015156,2.8698e-09,1.1922,-725.9,-3.4294e-07,1,1,0.0054671,-4.0141e-23,-1.3834e-07,0,0.78111,5.0061e-08,0,0,0,0,-2.6008e-06,-0.055877,0,2.8555e-17,0.056052,0,5.233e-25,5.5995e-11,0,-2.6008e-06,0.00017476,0,8.6029e-07,-1.7206e-06,8.6029e-07,1.6973,0,0,5.6155e-15,-1.1231e-14,5.6155e-15,1.1075e-08,0,0,1,0.074005,0.000204,0.074,0.000204
9.8195e-09,0.00044307,0.0028816,0.99856,1.6792,1000.3,0.0010036,0.0051171,1.0229e-08,0,0.23796,0.0014407,2.5927e-09,1.1918,-735.71,2.1e-07,1,1,0.0053191,-1.889e-23,-9.293e-08,0,0.78493,4.7217e-08,0,0,0,0,-2.637e-06,-0.055888,0,7.9507e-17,0.056062,0,1.0932e-25,4.9092e-11,0,-2.637e-06,0.00017337,0,8.1591e-07,-1.6318e-06,8.1591e-07,1.6792,0,0,4.7733e-15,-9.5467e-15,4.7733e-15,9.8195e-09,0,0,1,0.075005,0.0002125,0.075,0.0002125
8.7144e-09,0.0004465,0.0027397,0.99863,1.6615,1000.3,0.0010034,0.0050672,9.0775e-09,0,0.22801,0.00137,2.3435e-09,1.1914,-745.53,-2.5176e-07,1,1,0.0051757,-7.0842e-24,-6.2207e-08,0,0.78869,4.4539e-08,0,0,0,0,-2.6728e-06,-0.055899,0,2.9817e-17,0.056071,0,4.0998e-26,4.3087e-11,0,-2.6728e-06,0.00017195,0,7.7336e-07,-1.5467e-06,7.7336e-07,1.6615,0,0,4.0573e-15,-8.1146e-15,4.0573e-15,8.7144e-09,0,0,1,0.076005,0.000221,0.076,0.000221
7.7425e-09,0.00044982,0.0026063,0.9987,1.644,1000.2,0.0010033,0.0050173,8.0641e-09,0,0.21849,0.0013032,2.1201e-09,1.191,-755.34,-2.6176e-08,1,1,0.0050368,-1.6529e-23,-4.1691e-08,0,0.79237,4.2021e-08,0,0,0,0,-2.7082e-06,-0.055909,0,3.8309e-17,0.05608,0,0,3.7878e-11,0,-2.7082e-06,0.00017052,0,7.3258e-07,-1.4652e-06,7.3258e-07,1.644,0,0,3.4511e-15,-6.9023e-15,3.4511e-15,7.7425e-09,0,0,1,0.077006,0.0002295,0.077,0.0002295
6.8835e-09,0.00045302,0.0024801,0.99876,1.6258,1000.2,0.0010031,0.0049674,7.1714e-09,0,0.20937,0.0012401,1.9196e-09,1.1907,-765.15,-1.0941e-07,1,1,0.0049023,-2.6565e-24,-2.7991e-08,0,0.79599,3.9656e-08,0,0,0,0,-2.7431e-06,-0.055919,0,3.1741e-17,0.056088,0,9.0269e-26,3.3352e-11,0,-2.7431e-06,0.00016909,0,6.9484e-07,-1.3897e-06,6.9484e-07,1.6258,0,0,2.9429e-15,-5.8858e-15,2.9429e-15,6.8835e-09,0,0,1,0.078006,0.000238,0.078,0.000238
6.1257e-09,0.00045612,0.0023603,0.99882,1.6083,1000.2,0.001003,0.0049176,6.3809e-09,0,0.20064,0.0011804,1.7388e-09,1.1904,-774.96,-4.1265e-07,1,1,0.0047718,-5.9025e-25,-1.8725e-08,0,0.79954,3.7417e-08,0,0,0,0,-2.7775e-06,-0.055928,0,7.0527e-18,0.056096,0,2.0057e-26,2.9396e-11,0,-2.7775e-06,0.00016754,0,6.6234e-07,-1.3247e-06,6.6234e-07,1.6083,0,0,2.5235e-15,-5.047e-15,2.5235e-15,6.1257e-09,0,0,1,0.079006,0.0002465,0.079,0.0002465
5.4565e-09,0.0004591,0.0022481,0.99888,1.5906,1000.2,0.0010028,0.0048678,5.6837e-09,0,0.19228,0.001124,1.5763e-09,1.1901,-784.78,1.1647e-07,1,1,0.0046453,-5.7556e-24,-1.2564e-08,0,0.80303,3.5305e-08,0,0,0,0,-2.8114e-06,-0.055937,0,5.3096e-17,0.056103,0,1.1687e-25,2.5951e-11,0,-2.8114e-06,0.00016597,0,6.2776e-07,-1.2555e-06,6.2776e-07,1.5906,0,0,2.1544e-15,-4.3087e-15,2.1544e-15,5.4565e-09,0,0,1,0.080006,0.000255,0.08,0.000255
4.864e-09,0.00046198,0.0021412,0.99893,1.5729,1000.2,0.0010027,0.0048181,5.0664e-09,0,0.18428,0.0010706,1.43e-09,1.1898,-794.59,-6.4118e-08,1,1,0.0045226,0,-8.4301e-09,0,0.80646,3.3319e-08,0,0,0,0,-2.8448e-06,-0.055945,0,8.2506e-17,0.056109,0,2.6513e-25,2.2937e-11,0,-2.8448e-06,0.00016456,0,5.9364e-07,-1.1873e-06,5.9364e-07,1.5729,0,0,1.8365e-15,-3.673e-15,1.8365e-15,4.864e-09,0,0,1,0.081006,0.0002635,0.081,0.0002635
4.3377e-09,0.00046475,0.0020403,0.99898,1.5552,1000.2,0.0010026,0.0047684,4.5181e-09,0,0.1766,0.0010201,1.2976e-09,1.1895,-804.4,1.7971e-07,1,1,0.0044034,-2.3613e-24,-5.6356e-09,0,0.80984,3.1451e-08,0,0,0,0,-2.8775e-06,-0.055952,0,-9.8056e-17,0.056116,0,2.2515e-25,2.0291e-11,0,-2.8775e-06,0.00016331,0,5.6056e-07,-1.1211e-06,5.6056e-07,1.5552,0,0,1.5638e-15,-3.1275e-15,1.5638e-15,4.3377e-09,0,0,1,0.082006,0.000272,0.082,0.000272
3.8682e-09,0.00046741,0.0019433,0.99903,1.5373,1000.2,0.0010024,0.0047188,4.0294e-09,0,0.16916,0.00097163,1.1773e-09,1.1893,-814.21,-1.6149e-08,1,1,0.0042877,-1.8447e-25,-3.7856e-09,0,0.81315,2.9693e-08,0,0,0,0,-2.9096e-06,-0.05596,0,2.8289e-17,0.056122,0,6.0681e-26,1.7962e-11,0,-2.9096e-06,0.00016169,0,5.4005e-07,-1.0801e-06,5.4005e-07,1.5373,0,0,1.3589e-15,-2.7178e-15,1.3589e-15,3.8682e-09,0,0,1,0.083006,0.0002805,0.083,0.0002805
3.4372e-09,0.00046997,0.0018475,0.99908,1.5196,1000.2,0.0010023,0.0046693,3.5806e-09,0,0.16171,0.00092378,1.0641e-09,1.189,-824.02,-4.5058e-08,1,1,0.0041753,-2.2137e-25,-2.5386e-09,0,0.81641,2.7979e-08,0,0,0,0,-2.941e-06,-0.055967,0,3.3948e-17,0.056127,0,7.282e-26,1.5851e-11,0,-2.941e-06,0.00015982,0,5.3264e-07,-1.0653e-06,5.3264e-07,1.5196,0,0,1.2048e-15,-2.4096e-15,1.2048e-15,3.4372e-09,0,0,1,0.084006,0.000289,0.084,0.000289
3.039e-09,0.00047242,0.0017522,0.99912,1.5017,1000.2,0.0010022,0.0046198,3.1661e-09,0,0.15421,0.00087617,9.5713e-10,1.1888,-833.84,-1.715e-07,1,1,0.004066,0,-1.696e-09,0,0.81961,2.6294e-08,0,0,0,0,-2.9719e-06,-0.055974,0,0,0.056132,0,0,1.3927e-11,0,-2.9719e-06,0.00015786,0,5.2714e-07,-1.0543e-06,5.2714e-07,1.5017,0,0,1.0668e-15,-2.1336e-15,1.0668e-15,3.039e-09,0,0,1,0.085006,0.0002975,0.085,0.0002975
2.6743e-09,0.00047477,0.0016576,0.99917,1.4843,1000.2,0.0010021,0.0045704,2.7856e-09,0,0.14666,0.00082882,8.5636e-10,1.1885,-843.65,-5.1739e-08,1,1,0.0039598,-1.6603e-25,-1.1406e-09,0,0.82276,2.4636e-08,0,0,0,0,-3.002e-06,-0.055982,0,3.4472e-17,0.056138,0,0,1.2182e-11,0,-3.002e-06,0.0001568,0,5.2112e-07,-1.0422e-06,5.2112e-07,1.4843,0,0,9.3893e-16,-1.8779e-15,9.3893e-16,2.6743e-09,0,0,1,0.086006,0.000306,0.086,0.000306
2.3387e-09,0.00047703,0.0015631,0.99922,1.4667,1000.2,0.001002,0.0045211,2.4358e-09,0,0.13907,0.00078168,7.6151e-10,1.1883,-853.46,-2.985e-07,1,1,0.0038565,-1.3836e-25,-7.6441e-10,0,0.82585,2.3006e-08,0,0,0,0,-3.0314e-06,-0.055989,0,2.8727e-17,0.056145,0,0,1.0596e-11,0,-3.0314e-06,0.00015578,0,5.1476e-07,-1.0295e-06,5.1476e-07,1.4667,0,0,8.2079e-16,-1.6416e-15,8.2079e-16,2.3387e-09,0,0,1,0.087006,0.0003145,0.087,0.0003145
2.0305e-09,0.00047919,0.0014696,0.99927,1.4485,1000.1,0.0010018,0.0044719,2.1156e-09,0,0.13142,0.00073476,6.7259e-10,1.188,-863.27,6.806e-08,1,1,0.003756,-2.9516e-25,-5.1119e-10,0,0.8289,2.1403e-08,0,0,0,0,-3.0602e-06,-0.055996,0,-2.3475e-18,0.056151,0,1.2002e-25,9.1587e-12,0,-3.0602e-06,0.0001546,0,5.0807e-07,-1.0161e-06,5.0807e-07,1.4485,0,0,7.1223e-16,-1.4245e-15,7.1223e-16,2.0305e-09,0,0,1,0.088006,0.000323,0.088,0.000323
1.7523e-09,0.00048124,0.001376,0.99931,1.4313,1000.1,0.0010017,0.0044228,1.825e-09,0,0.12371,0.00068803,5.8985e-10,1.1878,-873.08,-5.7411e-08,1,1,0.0036583,-1.568e-25,-3.4362e-10,0,0.83189,1.9829e-08,0,0,0,0,-3.0882e-06,-0.056003,0,-5.0059e-18,0.056156,0,5.5725e-26,7.8677e-12,0,-3.0882e-06,0.00015233,0,5.0105e-07,-1.0021e-06,5.0105e-07,1.4313,0,0,6.1341e-16,-1.2268e-15,6.1341e-16,1.7523e-09,0,0,1,0.089006,0.0003315,0.089,0.0003315
1.498e-09,0.0004832,0.0012827,0.99936,1.4133,1000.1,0.0010016,0.0043738,1.5605e-09,0,0.11594,0.00064149,5.1276e-10,1.1875,-882.89,-2.8009e-07,1,1,0.0035631,0,-2.3014e-10,0,0.83484,1.8284e-08,0,0,0,0,-3.1156e-06,-0.05601,0,0,0.05616,0,0,6.7026e-12,0,-3.1156e-06,0.00014989,0,4.9375e-07,-9.875e-07,4.9375e-07,1.4133,0,0,5.2334e-16,-1.0467e-15,5.2334e-16,1.498e-09,0,0,1,0.090007,0.00034,0.09,0.00034
1.2681e-09,0.00048507,0.0011903,0.9994,1.3956,1000.1,0.0010015,0.0043248,1.321e-09,0,0.10812,0.00059513,4.4129e-10,1.1873,-892.7,7.9588e-08,1,1,0.0034704,0,-1.5408e-10,0,0.83774,1.6768e-08,0,0,0,0,-3.1422e-06,-0.056017,0,0,0.056165,0,0,5.6562e-12,0,-3.1422e-06,0.00014783,0,4.8614e-07,-9.7228e-07,4.8614e-07,1.3956,0,0,4.4172e-16,-8.8345e-16,4.4172e-16,1.2681e-09,0,0,1,0.091007,0.0003485,0.091,0.0003485
1.0614e-09,0.00048684,0.0010983,0.99945,1.3781,1000.1,0.0010014,0.004276,1.1055e-09,0,0.10025,0.00054895,3.7541e-10,1.187,-902.51,3.7438e-07,1,1,0.0033802,-1.96e-26,-1.035e-10,0,0.84058,1.5282e-08,0,0,0,0,-3.1681e-06,-0.056024,0,4.8716e-17,0.056171,0,3.4252e-26,4.7213e-12,0,-3.1681e-06,0.00014692,0,4.7829e-07,-9.5658e-07,4.7829e-07,1.3781,0,0,3.6837e-16,-7.3675e-16,3.6837e-16,1.0614e-09,0,0,1,0.092007,0.000357,0.092,0.000357
8.7582e-10,0.00048853,0.0010059,0.9995,1.3604,1000.1,0.0010013,0.0042273,9.1231e-10,0,0.092315,0.00050293,3.1494e-10,1.1868,-912.33,1.2441e-08,1,1,0.0032923,0,-6.929e-11,0,0.84339,1.3825e-08,0,0,0,0,-3.1932e-06,-0.056031,0,-4.4453e-17,0.056178,0,2.3542e-26,3.8879e-12,0,-3.1932e-06,0.00014619,0,4.7021e-07,-9.4042e-07,4.7021e-07,1.3604,0,0,3.0272e-16,-6.0545e-16,3.0272e-16,8.7582e-10,0,0,1,0.093007,0.0003655,0.093,0.0003655
7.1155e-10,0.00049012,0.00091411,0.99954,1.3428,1000.1,0.0010011,0.0041788,7.4116e-10,0,0.08432,0.00045705,2.6007e-10,1.1865,-922.14,6.6177e-09,1,1,0.0032066,-1.7294e-27,-4.6432e-11,0,0.84615,1.2399e-08,0,0,0,0,-3.2177e-06,-0.056039,0,-2.8242e-17,0.056183,0,0,3.1536e-12,0,-3.2177e-06,0.00014438,0,4.6191e-07,-9.2381e-07,4.6191e-07,1.3428,0,0,2.4477e-16,-4.8954e-16,2.4477e-16,7.1155e-10,0,0,1,0.094007,0.000374,0.094,0.000374
5.6737e-10,0.00049162,0.00082248,0.99959,1.3252,1000.1,0.001001,0.0041303,5.9097e-10,0,0.07626,0.00041131,2.1075e-10,1.1863,-931.95,-1.3e-07,1,1,0.0031231,-4.6119e-27,-3.1186e-11,0,0.84886,1.1003e-08,0,0,0,0,-3.2414e-06,-0.056046,0,-7.5315e-17,0.056187,0,0,2.512e-12,0,-3.2414e-06,0.000141,0,4.534e-07,-9.068e-07,4.534e-07,1.3252,0,0,1.9414e-16,-3.8828e-16,1.9414e-16,5.6737e-10,0,0,1,0.095007,0.0003825,0.095,0.0003825
4.4136e-10,0.00049303,0.00073142,0.99963,1.3074,1000.1,0.0010009,0.004082,4.5976e-10,0,0.06814,0.00036569,1.6665e-10,1.1861,-941.76,4.8235e-08,1,1,0.0030417,0,-2.0835e-11,0,0.85153,9.6365e-09,0,0,0,0,-3.2645e-06,-0.056052,0,0,0.05619,0,0,1.9533e-12,0,-3.2645e-06,0.00013706,0,4.4467e-07,-8.8934e-07,4.4467e-07,1.3074,0,0,1.5013e-16,-3.0026e-16,1.5013e-16,4.4136e-10,0,0,1,0.096007,0.000391,0.096,0.000391
3.3302e-10,0.00049435,0.00064062,0.99968,1.2895,1000.1,0.0010008,0.0040338,3.4697e-10,0,0.05996,0.00032021,1.2783e-10,1.1858,-951.57,2.0338e-07,1,1,0.0029624,-2.45e-27,-1.4e-11,0,0.85415,8.3015e-09,0,0,0,0,-3.2868e-06,-0.056059,0,-8.0584e-17,0.056195,0,5.5525e-27,1.4741e-12,0,-3.2868e-06,0.00013527,0,4.3571e-07,-8.7141e-07,4.3571e-07,1.2895,0,0,1.1254e-16,-2.2508e-16,1.1254e-16,3.3302e-10,0,0,1,0.097007,0.0003995,0.097,0.0003995
2.4144e-10,0.00049559,0.00054968,0.99973,1.2723,1000.1,0.0010007,0.0039858,2.5147e-10,0,0.051719,0.00027485,9.4165e-11,1.1856,-961.38,-2.9853e-08,1,1,0.002885,0,-9.3923e-12,0,0.85674,6.9973e-09,0,0,0,0,-3.3084e-06,-0.056066,0,-1.1045e-16,0.056202,0,4.7571e-27,1.069e-12,0,-3.3084e-06,0.00013529,0,4.2656e-07,-8.5312e-07,4.2656e-07,1.2723,0,0,8.0963e-17,-1.6193e-16,8.0963e-17,2.4144e-10,0,0,1,0.098007,0.000408,0.098,0.000408
1.6535e-10,0.00049674,0.00045925,0.99977,1.2545,1000,0.0010006,0.0039379,1.7224e-10,0,0.043415,0.00022961,6.5576e-11,1.1853,-971.19,4.0679e-08,1,1,0.0028096,0,-6.2791e-12,0,0.85928,5.7231e-09,0,0,0,0,-3.3294e-06,-0.056073,0,-1.1047e-17,0.056209,0,4.7579e-28,7.3301e-13,0,-3.3294e-06,0.00013615,0,4.1757e-07,-8.3514e-07,4.1757e-07,1.2545,0,0,5.5042e-17,-1.1008e-16,5.5042e-17,1.6535e-10,0,0,1,0.099007,0.0004165,0.099,0.0004165
1.0536e-10,0.00049781,0.00036884,0.99982,1.2369,1000,0.0010005,0.0038901,1.0975e-10,0,0.035035,0.00018443,4.2458e-11,1.1851,-981,-1.8677e-08,1,1,0.002736,-1.225e-27,-4.2096e-12,0,0.86178,4.4782e-09,0,0,0,0,-3.3496e-06,-0.05608,0,-1.8845e-16,0.056211,0,2.0348e-27,4.6785e-13,0,-3.3496e-06,0.00013064,0,4.1002e-07,-8.2005e-07,4.1002e-07,1.2369,0,0,3.4921e-17,-6.9843e-17,3.4921e-17,1.0536e-10,0,0,1,0.10001,0.000425,0.1,0.000425
